Código;Inclusão
208641;16/02/2024
212605;09/04/2025
217041;14/05/2026
211463;13/01/2025
214440;17/09/2025
217247;26/05/2026
214207;03/09/2025
217469;19/06/2026
206281;03/03/2023
216680;14/04/2026
207270;19/07/2023
201046;18/01/2021
207760;26/09/2023
214976;06/11/2025
213212;29/05/2025
205257;04/08/2022
215890;04/02/2026
216539;08/04/2026
210751;01/10/2024
216405;20/03/2026
211535;16/01/2025
211509;14/01/2025
217201;27/05/2026
216866;28/04/2026
214777;15/10/2025
217255;03/06/2026
212463;31/03/2025
207732;21/09/2023
206513;12/04/2023
214254;17/09/2025
211575;20/01/2025
215798;27/01/2026
217659;06/07/2026
215013;05/11/2025
210837;11/10/2024
208616;08/02/2024
213478;25/06/2025
212876;02/05/2025
214979;31/10/2025
211379;07/01/2025
216941;04/05/2026
215503;12/01/2026
216431;18/03/2026
216463;18/03/2026
111042;27/02/2019
217661;07/07/2026
214100;26/08/2025
214387;15/09/2025
214085;28/08/2025
217235;26/05/2026
215765;29/01/2026
212935;07/05/2025
214982;04/11/2025
214167;28/08/2025
211450;13/01/2025
211522;15/01/2025
211821;06/02/2025
216439;20/03/2026
217402;12/06/2026
216522;27/03/2026
212240;14/03/2025
215051;17/11/2025
217374;10/06/2026
213666;17/07/2025
215245;04/12/2025
213929;11/08/2025
213970;13/08/2025
215106;17/11/2025
215942;23/02/2026
217101;14/05/2026
217657;06/07/2026
210427;05/09/2024
202494;13/04/2021
200844;27/11/2020
216760;30/04/2026
203812;12/11/2021
205532;16/09/2022
200414;01/10/2020
79033;05/03/2018
216372;12/03/2026
183352;16/04/2020
51878;29/09/2016
202443;05/04/2021
209959;22/07/2024
106941;30/01/2019
215312;09/12/2025
207713;21/09/2023
214295;09/09/2025
212435;28/03/2025
204645;14/04/2022
208934;02/04/2024
209538;06/06/2024
212680;14/04/2025
204597;06/04/2022
202573;11/05/2021
63304;31/05/2017
207308;25/07/2023
216308;09/03/2026
98554;28/08/2018
202244;22/02/2021
216031;20/02/2026
86224;07/05/2018
202674;08/06/2021
63305;01/06/2017
51781;31/08/2016
204041;29/12/2021
211441;14/01/2025
51500;13/04/2016
115410;17/04/2019
135923;26/08/2019
212050;24/02/2025
204568;04/04/2022
107976;07/02/2019
207615;05/09/2023
92384;26/06/2018
66469;16/08/2017
213424;20/06/2025
216778;15/04/2026
203513;24/09/2021
216083;27/02/2026
96507;17/08/2018
132876;13/08/2019
104810;23/11/2018
63310;01/06/2017
135917;26/08/2019
162754;06/01/2020
51480;08/03/2016
132839;08/08/2019
200669;30/10/2020
50898;18/10/2012
216127;20/02/2026
200444;05/10/2020
210044;31/07/2024
209263;08/05/2024
92382;25/06/2018
210112;07/08/2024
215782;02/02/2026
78978;16/02/2018
92357;15/06/2018
87230;14/05/2018
50049;27/08/2010
211202;27/11/2024
121555;04/06/2019
164887;21/01/2020
216234;03/03/2026
205740;24/10/2022
206601;28/04/2023
211161;21/11/2024
215984;11/02/2026
217404;16/06/2026
202615;21/05/2021
208504;26/01/2024
208707;27/02/2024
169013;13/02/2020
67570;26/09/2017
50057;30/08/2010
50404;21/12/2010
208393;16/01/2024
214140;27/08/2025
74814;04/01/2018
50950;09/01/2013
214742;14/10/2025
186494;14/05/2020
212750;17/04/2025
206542;18/04/2023
203953;07/12/2021
210180;16/08/2024
212458;31/03/2025
211595;22/01/2025
50463;21/03/2011
51501;13/04/2016
50278;28/09/2010
205318;10/08/2022
111056;07/03/2019
50155;15/09/2010
50421;26/01/2011
213842;26/08/2025
211400;09/01/2025
200573;19/10/2020
212797;24/04/2025
50409;04/01/2011
204527;28/03/2022
61131;20/03/2017
207743;22/09/2023
210157;13/08/2024
209383;21/05/2024
107969;05/02/2019
216880;23/04/2026
200699;06/11/2020
67602;04/10/2017
207041;26/06/2023
198000;10/08/2020
104779;09/11/2018
215596;16/01/2026
217387;12/06/2026
62238;09/05/2017
215025;17/11/2025
75865;17/01/2018
147151;09/10/2019
202537;22/04/2021
203487;22/09/2021
190570;28/05/2020
188520;19/05/2020
50046;24/08/2010
202776;26/06/2021
50017;12/08/2010
200123;26/08/2020
210507;10/09/2024
202778;24/06/2021
208662;19/02/2024
207869;10/10/2023
200244;11/09/2020
211415;09/01/2025
202906;07/07/2021
217312;02/06/2026
204514;23/03/2022
50731;03/05/2012
202405;25/03/2021
215950;20/02/2026
202265;23/02/2021
61081;16/02/2017
216568;08/04/2026
148208;15/10/2019
200405;30/09/2020
210188;19/08/2024
190591;02/06/2020
205022;04/07/2022
210350;03/09/2024
211418;09/01/2025
204296;10/02/2022
50719;17/04/2012
203238;17/08/2021
150329;29/10/2019
51719;20/06/2016
54002;30/11/2016
70670;30/10/2017
207249;18/07/2023
207692;19/09/2023
50108;08/09/2010
50055;30/08/2010
206593;27/04/2023
206522;14/04/2023
214490;23/09/2025
202824;26/06/2021
208829;12/03/2024
211355;03/01/2025
176189;12/03/2020
50156;15/09/2010
211252;09/12/2024
202404;25/03/2021
205124;18/07/2022
216983;07/05/2026
202203;11/02/2021
50843;05/09/2012
161722;19/12/2019
214657;14/10/2025
204185;27/01/2022
51101;24/09/2013
202335;04/03/2021
207868;10/10/2023
202370;23/03/2021
67624;11/10/2017
204541;29/03/2022
207889;17/10/2023
205621;30/09/2022
203489;24/09/2021
203842;19/11/2021
201029;15/01/2021
62175;12/04/2017
51869;27/09/2016
211937;17/02/2025
209940;18/07/2024
209402;22/05/2024
203293;24/08/2021
214897;30/10/2025
50412;04/01/2011
50663;28/11/2011
76931;31/01/2018
51863;26/09/2016
200273;14/09/2020
208851;14/03/2024
145105;02/10/2019
50406;28/12/2010
50001;28/04/2010
50407;03/01/2011
202261;22/02/2021
93394;02/07/2018
57032;06/01/2017
210264;28/08/2024
101664;08/10/2018
106926;23/01/2019
211468;13/01/2025
114297;05/04/2019
51219;31/07/2014
51752;28/07/2016
211062;13/11/2024
204959;22/06/2022
51694;03/06/2016
202237;22/02/2021
212451;31/03/2025
212239;19/03/2025
204912;10/06/2022
204969;24/06/2022
212280;18/03/2025
216413;17/03/2026
214849;23/10/2025
204907;08/06/2022
50157;15/09/2010
210827;10/10/2024
179255;30/03/2020
216442;16/03/2026
62157;28/03/2017
206968;16/06/2023
50285;28/09/2010
123648;03/07/2019
206196;10/02/2023
109026;20/02/2019
131818;06/08/2019
67575;27/09/2017
50414;14/01/2011
204760;12/05/2022
200115;25/08/2020
50217;20/09/2010
215628;21/01/2026
208500;26/01/2024
217577;01/07/2026
216943;11/05/2026
215519;12/01/2026
132875;13/08/2019
66367;30/06/2017
81054;14/03/2018
216806;16/04/2026
206100;24/01/2023
183344;15/04/2020
50158;15/09/2010
214098;28/08/2025
58066;03/02/2017
61091;17/02/2017
206438;30/03/2023
212154;10/03/2025
213124;22/05/2025
211263;09/12/2024
208224;15/12/2023
203832;18/11/2021
67630;16/10/2017
63269;22/05/2017
81066;19/03/2018
51782;31/08/2016
202936;09/07/2021
208845;13/03/2024
203059;26/07/2021
70686;03/11/2017
103748;26/10/2018
205696;17/10/2022
76922;30/01/2018
202827;26/06/2021
206757;19/05/2023
217195;28/05/2026
79002;22/02/2018
213039;14/05/2025
215586;19/01/2026
203992;16/12/2021
215501;15/01/2026
207671;14/09/2023
207290;24/07/2023
216889;24/04/2026
209954;22/07/2024
51502;13/04/2016
211060;11/11/2024
209535;05/06/2024
192650;11/06/2020
212407;27/03/2025
206340;15/03/2023
211095;14/11/2024
203070;26/07/2021
204886;08/06/2022
207673;14/09/2023
202278;02/03/2021
193681;16/06/2020
206439;30/03/2023
210543;16/09/2024
207134;04/07/2023
51214;22/07/2014
203629;18/10/2021
54004;02/12/2016
216319;06/03/2026
122621;28/06/2019
62217;02/05/2017
75875;18/01/2018
67608;05/10/2017
214655;09/10/2025
212595;09/04/2025
50159;15/09/2010
203307;24/08/2021
212124;07/03/2025
101699;11/10/2018
51177;31/03/2014
212937;07/05/2025
110029;22/02/2019
51503;13/04/2016
208362;15/01/2024
62189;24/04/2017
50160;15/09/2010
206572;25/04/2023
215421;22/12/2025
200449;05/10/2020
53999;29/11/2016
206098;23/01/2023
207064;27/06/2023
217485;03/07/2026
206892;07/06/2023
112105;20/03/2019
132854;09/08/2019
202818;26/06/2021
204002;15/12/2021
166917;29/01/2020
209768;02/07/2024
122614;26/06/2019
173130;02/03/2020
100659;04/10/2018
208832;13/03/2024
66400;17/07/2017
204560;04/04/2022
51493;04/04/2016
67634;16/10/2017
200692;04/11/2020
51054;03/06/2013
159615;29/11/2019
212474;02/04/2025
214573;02/10/2025
210711;30/09/2024
216200;05/03/2026
59088;13/02/2017
208093;22/11/2023
190603;04/06/2020
173149;03/03/2020
204877;08/06/2022
130799;05/08/2019
208129;28/11/2023
117488;13/05/2019
183388;22/04/2020
207861;09/10/2023
217307;05/06/2026
62244;10/05/2017
216847;22/04/2026
215020;06/11/2025
50891;16/10/2012
206567;24/04/2023
203577;05/10/2021
200211;03/09/2020
217106;13/05/2026
209338;17/05/2024
211719;31/01/2025
114220;25/03/2019
204968;23/06/2022
215482;08/01/2026
213550;10/07/2025
208309;08/01/2024
114198;25/03/2019
200159;27/08/2020
202856;01/07/2021
72759;07/12/2017
93404;05/07/2018
206082;18/01/2023
205103;13/07/2022
215088;14/11/2025
206959;19/06/2023
212893;05/05/2025
202731;22/06/2021
210422;05/09/2024
216572;27/03/2026
72757;07/12/2017
202286;26/02/2021
215786;03/02/2026
50643;05/10/2011
76953;06/02/2018
57056;23/01/2017
88298;16/05/2018
215581;15/01/2026
209026;15/04/2024
209705;26/06/2024
214288;05/09/2025
82077;21/03/2018
215817;27/01/2026
206088;19/01/2023
211422;09/01/2025
125736;25/07/2019
206457;06/04/2023
215018;10/11/2025
196867;16/07/2020
67533;13/09/2017
211237;02/12/2024
212121;06/03/2025
61125;20/03/2017
202218;17/02/2021
111082;12/03/2019
209741;28/06/2024
211556;17/01/2025
196860;14/07/2020
209030;17/04/2024
212850;29/04/2025
208209;13/12/2023
51504;14/04/2016
171038;28/02/2020
202694;15/06/2021
209565;10/06/2024
148237;18/10/2019
216672;09/04/2026
215996;12/02/2026
211341;26/12/2024
215169;03/12/2025
200922;11/12/2020
202236;22/02/2021
206809;26/05/2023
101671;08/10/2018
212125;07/03/2025
100615;18/09/2018
216777;15/04/2026
206972;20/06/2023
200992;13/01/2021
215591;19/01/2026
208582;06/02/2024
78986;19/02/2018
203212;12/08/2021
90322;04/06/2018
215468;09/01/2026
50880;28/09/2012
205771;31/10/2022
203069;26/07/2021
82128;20/04/2018
204917;10/06/2022
61093;22/02/2017
50838;29/08/2012
204385;25/02/2022
214447;18/09/2025
51386;13/08/2015
214383;12/09/2025
158558;26/11/2019
204132;17/01/2022
207875;11/10/2023
202907;06/07/2021
51163;28/02/2014
62169;07/04/2017
209472;29/05/2024
78980;16/02/2018
50517;25/05/2011
206619;03/05/2023
213717;25/07/2025
121553;04/06/2019
209939;18/07/2024
87234;09/05/2018
204251;03/02/2022
217675;07/07/2026
209470;29/05/2024
94457;24/07/2018
208973;08/04/2024
203905;25/11/2021
204231;31/01/2022
210598;19/09/2024
51505;14/04/2016
51063;19/06/2013
213735;25/07/2025
153457;11/11/2019
208801;07/03/2024
207791;29/09/2023
51506;14/04/2016
211666;28/01/2025
148212;16/10/2019
203604;08/10/2021
215779;08/04/2026
51889;11/10/2016
185462;11/05/2020
164881;21/01/2020
50641;26/09/2011
216555;06/04/2026
216376;12/03/2026
211180;25/11/2024
202762;26/06/2021
200063;28/09/2020
162782;09/01/2020
67601;04/10/2017
216713;10/04/2026
50027;16/08/2010
213257;04/06/2025
207991;03/11/2023
98550;24/08/2018
206141;02/02/2023
203819;16/11/2021
157556;26/11/2019
51441;29/01/2016
208126;28/11/2023
66459;14/08/2017
51310;12/03/2015
208104;23/11/2023
199038;17/08/2020
203594;07/10/2021
188529;21/05/2020
205389;24/08/2022
153429;04/11/2019
51778;30/08/2016
51073;17/07/2013
205673;11/10/2022
51032;25/04/2013
205546;20/09/2022
70688;03/11/2017
196890;22/07/2020
215134;19/11/2025
51203;07/07/2014
213594;08/07/2025
50976;31/01/2013
208853;14/03/2024
81063;19/03/2018
214863;22/10/2025
211571;20/01/2025
211277;09/12/2024
215913;13/02/2026
204591;06/04/2022
62215;02/05/2017
203083;28/07/2021
207877;11/10/2023
217679;07/07/2026
210149;13/08/2024
50218;20/09/2010
50136;14/09/2010
206315;08/03/2023
66405;19/07/2017
50723;25/04/2012
202593;17/05/2021
210982;31/10/2024
50316;29/09/2010
207349;31/07/2023
202410;25/03/2021
50080;01/09/2010
212467;01/04/2025
215816;27/01/2026
210581;17/09/2024
202879;06/07/2021
212179;12/03/2025
214691;08/10/2025
213274;05/06/2025
217129;28/05/2026
211853;10/02/2025
202961;13/07/2021
215398;05/01/2026
64335;09/06/2017
201032;12/01/2021
212773;22/04/2025
211390;07/01/2025
191606;05/06/2020
121547;03/06/2019
52994;25/11/2016
209415;22/05/2024
202749;26/06/2021
203095;30/07/2021
209957;22/07/2024
210768;02/10/2024
206728;16/05/2023
209247;07/05/2024
204425;07/03/2022
208172;06/12/2023
117482;10/05/2019
211212;28/11/2024
213069;16/05/2025
212112;05/03/2025
204023;20/12/2021
212953;09/05/2025
204068;06/01/2022
88262;11/05/2018
51798;02/09/2016
61140;22/03/2017
162742;30/12/2019
210547;16/09/2024
217505;22/06/2026
208133;28/11/2023
51034;03/05/2013
173134;02/03/2020
51027;15/04/2013
216850;22/04/2026
184435;04/05/2020
217357;08/06/2026
216973;04/05/2026
206703;16/05/2023
206410;24/03/2023
203742;29/10/2021
217050;14/05/2026
209655;24/06/2024
214402;26/09/2025
202653;01/06/2021
93395;03/07/2018
205387;24/08/2022
196847;13/07/2020
200637;26/10/2020
161733;26/12/2019
212311;20/03/2025
210773;03/10/2024
192654;12/06/2020
205878;01/12/2022
190548;26/05/2020
208014;07/11/2023
214343;10/09/2025
214426;17/09/2025
203818;16/11/2021
210743;01/10/2024
206413;27/03/2023
214250;04/09/2025
217338;05/06/2026
114338;10/04/2019
113137;22/03/2019
216052;11/02/2026
212898;06/05/2025
51485;15/03/2016
213042;19/05/2025
118492;15/05/2019
211801;06/02/2025
207575;04/09/2023
202985;16/07/2021
200272;14/09/2020
206408;28/03/2023
210177;21/08/2024
110031;22/02/2019
203181;10/08/2021
51839;15/09/2016
217650;08/07/2026
62152;24/03/2017
215521;20/01/2026
50303;29/09/2010
209245;07/05/2024
50940;10/12/2012
61148;23/03/2017
212157;10/03/2025
203622;15/10/2021
213296;09/06/2025
208724;28/02/2024
216385;12/03/2026
50730;27/04/2012
214683;10/10/2025
208005;06/11/2023
194724;26/06/2020
141058;20/09/2019
210288;28/08/2024
50306;29/09/2010
211780;04/02/2025
100606;17/09/2018
66397;14/07/2017
215377;17/12/2025
203738;29/10/2021
51207;08/07/2014
137963;30/08/2019
204315;14/02/2022
200541;15/10/2020
205235;27/07/2022
50140;14/09/2010
214239;03/09/2025
217165;22/05/2026
206699;12/05/2023
200850;30/11/2020
215967;11/02/2026
207505;18/08/2023
153427;04/11/2019
202210;18/02/2021
106884;11/01/2019
206163;06/02/2023
211758;03/02/2025
210545;16/09/2024
204688;29/04/2022
211516;14/01/2025
204308;11/02/2022
206548;19/04/2023
203646;19/10/2021
209938;18/07/2024
212450;31/03/2025
205240;28/07/2022
50966;22/01/2013
211028;06/11/2024
51225;25/08/2014
207586;31/08/2023
207543;23/08/2023
207650;12/09/2023
206543;20/04/2023
82099;02/04/2018
162753;06/01/2020
170022;14/02/2020
213443;24/06/2025
204741;09/05/2022
214743;14/10/2025
190593;02/06/2020
211167;21/11/2024
206174;07/02/2023
171040;17/02/2020
203422;14/09/2021
204872;03/06/2022
215448;30/12/2025
214071;01/09/2025
207870;10/10/2023
51208;08/07/2014
204557;01/04/2022
216102;18/02/2026
211899;12/02/2025
92360;18/06/2018
207346;31/07/2023
201089;21/01/2021
212764;17/04/2025
200426;01/10/2020
209930;17/07/2024
210630;20/09/2024
204824;25/05/2022
216971;15/05/2026
122588;14/06/2019
50368;08/10/2010
88285;14/05/2018
205693;20/10/2022
109027;25/02/2019
209385;21/05/2024
212972;09/05/2025
204921;14/06/2022
136942;28/08/2019
206789;24/05/2023
214761;15/10/2025
50544;14/06/2011
202246;22/02/2021
211732;31/01/2025
194747;30/06/2020
215015;12/11/2025
203505;24/09/2021
111047;27/02/2019
114405;16/04/2019
114317;05/04/2019
67611;05/10/2017
208280;04/01/2024
203034;21/07/2021
195765;01/07/2020
107990;11/02/2019
100631;27/09/2018
51396;17/09/2015
215583;04/02/2026
89292;17/05/2018
66426;26/07/2017
202430;05/04/2021
51512;26/04/2016
214099;22/08/2025
209515;03/06/2024
211970;19/02/2025
216949;04/05/2026
212078;25/02/2025
209249;07/05/2024
216723;09/04/2026
214748;22/10/2025
214043;25/08/2025
208464;23/01/2024
212510;03/04/2025
209196;02/05/2024
198020;14/08/2020
208279;04/01/2024
215346;17/12/2025
207884;16/10/2023
210928;23/10/2024
207639;11/09/2023
208742;28/02/2024
202889;06/07/2021
212786;23/04/2025
215357;16/12/2025
211368;06/01/2025
207084;29/06/2023
208295;05/01/2024
212252;19/03/2025
215248;05/12/2025
203359;31/08/2021
214328;25/09/2025
207670;14/09/2023
202268;24/02/2021
205827;18/11/2022
214143;28/08/2025
190592;02/06/2020
207295;28/07/2023
209197;02/05/2024
208539;31/01/2024
211183;25/11/2024
212625;09/04/2025
204696;03/05/2022
148219;16/10/2019
213496;26/06/2025
206133;31/01/2023
207846;05/10/2023
212791;24/04/2025
56021;14/12/2016
203772;08/11/2021
209805;05/07/2024
213655;30/07/2025
214035;12/09/2025
212766;17/04/2025
217380;10/06/2026
203309;25/08/2021
211572;20/01/2025
212343;25/03/2025
212368;25/03/2025
212364;25/03/2025
213866;04/08/2025
209903;15/07/2024
211977;19/02/2025
216559;07/04/2026
216453;16/03/2026
217323;10/06/2026
159603;28/11/2019
211257;06/12/2024
61143;23/03/2017
213086;20/05/2025
84204;26/04/2018
207550;28/08/2023
79000;22/02/2018
51851;20/09/2016
203262;18/08/2021
51827;13/09/2016
207328;27/07/2023
62167;04/04/2017
81065;19/03/2018
116475;09/05/2019
67585;27/09/2017
195803;07/07/2020
50030;16/08/2010
211329;20/12/2024
201084;21/01/2021
148192;11/10/2019
216110;20/02/2026
207644;12/09/2023
203465;20/09/2021
203055;22/07/2021
215194;30/12/2025
215419;22/12/2025
215894;03/02/2026
214836;20/10/2025
211041;08/11/2024
182332;13/04/2020
213361;16/06/2025
214876;20/10/2025
213408;17/06/2025
210715;30/09/2024
207581;11/09/2023
211689;29/01/2025
76898;23/01/2018
217483;17/06/2026
210720;30/09/2024
214915;28/10/2025
209134;29/04/2024
216326;11/03/2026
216444;16/03/2026
209984;24/07/2024
213267;05/06/2025
195775;02/07/2020
67583;27/09/2017
216123;23/02/2026
202812;26/06/2021
210090;05/08/2024
209426;27/05/2024
213965;19/08/2025
205978;29/12/2022
89298;21/05/2018
196959;21/08/2020
185455;08/05/2020
203093;02/08/2021
216932;08/05/2026
88263;11/05/2018
88249;10/05/2018
205806;10/11/2022
203632;18/10/2021
51354;30/06/2015
62182;17/04/2017
206883;07/06/2023
202599;19/05/2021
202266;23/02/2021
216903;15/05/2026
215093;18/11/2025
215354;17/12/2025
209666;24/06/2024
211513;15/01/2025
209585;12/06/2024
51175;31/03/2014
204679;27/04/2022
210898;18/10/2024
213862;11/08/2025
215881;30/01/2026
50557;20/06/2011
215365;22/12/2025
209671;24/06/2024
118490;15/05/2019
202111;27/01/2021
215128;18/11/2025
50219;20/09/2010
214030;21/08/2025
96494;07/08/2018
140056;18/09/2019
50400;10/12/2010
214881;23/10/2025
209400;22/05/2024
200213;04/09/2020
50813;16/08/2012
92359;15/06/2018
204913;09/06/2022
207486;15/08/2023
203385;09/09/2021
63278;24/05/2017
212054;24/02/2025
50042;20/08/2010
114403;16/04/2019
216719;08/04/2026
51062;18/06/2013
82136;10/04/2018
167972;14/02/2020
211170;04/12/2024
173109;21/02/2020
173070;20/02/2020
132878;13/08/2019
200817;24/11/2020
207082;30/06/2023
210795;07/10/2024
208827;12/03/2024
50707;28/03/2012
210679;24/09/2024
211086;13/11/2024
206600;18/05/2023
211386;08/01/2025
209860;15/07/2024
167965;05/02/2020
203358;31/08/2021
183342;14/04/2020
210033;31/07/2024
83195;25/04/2018
208505;26/01/2024
203522;29/09/2021
215705;02/02/2026
209524;04/06/2024
204814;24/05/2022
50859;18/09/2012
208885;21/03/2024
212530;03/04/2025
209536;06/06/2024
74795;21/12/2017
179232;17/03/2020
210034;31/07/2024
212696;15/04/2025
211164;21/11/2024
207390;03/08/2023
203298;23/08/2021
50677;31/01/2012
207709;21/09/2023
212288;18/03/2025
214077;09/09/2025
51116;05/11/2013
51112;29/10/2013
208414;17/01/2024
209760;02/07/2024
210070;01/08/2024
51513;27/04/2016
207780;28/09/2023
216119;23/02/2026
70742;29/11/2017
202363;12/03/2021
212763;17/04/2025
208624;09/02/2024
205367;18/08/2022
215656;06/02/2026
202686;11/06/2021
208000;06/11/2023
51064;21/06/2013
103747;26/10/2018
51712;09/06/2016
204312;11/02/2022
214540;01/10/2025
70650;24/10/2017
204841;27/05/2022
51723;21/06/2016
202192;10/02/2021
205838;24/11/2022
215011;05/11/2025
208344;12/01/2024
213180;27/05/2025
158579;27/11/2019
51514;27/04/2016
200062;19/08/2020
204936;14/06/2022
205562;21/09/2022
50611;08/08/2011
61112;09/03/2017
202434;05/04/2021
52987;23/11/2016
217551;25/06/2026
205403;25/08/2022
202933;12/07/2021
203739;29/10/2021
65353;22/06/2017
102733;23/10/2018
204361;16/02/2022
57046;17/01/2017
51401;28/09/2015
217700;13/07/2026
207988;06/11/2023
212176;12/03/2025
208336;10/01/2024
200914;10/12/2020
208822;12/03/2024
207373;02/08/2023
50058;30/08/2010
203224;20/08/2021
211157;21/11/2024
206085;02/02/2023
81068;20/03/2018
50718;17/04/2012
170032;17/02/2020
209928;17/07/2024
51325;08/04/2015
160672;05/12/2019
205336;12/08/2022
208161;04/12/2023
212168;11/03/2025
200877;04/12/2020
211420;09/01/2025
211862;10/02/2025
209815;08/07/2024
50141;14/09/2010
54001;30/11/2016
215638;21/01/2026
134907;22/08/2019
200425;01/10/2020
212905;06/05/2025
213009;13/05/2025
206665;09/05/2023
216656;06/04/2026
205939;14/12/2022
116454;03/05/2019
206186;09/02/2023
75850;15/01/2018
209835;11/07/2024
205975;28/12/2022
206200;16/02/2023
207378;04/08/2023
207796;29/09/2023
51023;04/04/2013
159617;02/12/2019
214828;23/10/2025
209126;25/04/2024
215607;21/01/2026
204787;18/05/2022
208469;23/01/2024
215533;15/01/2026
207886;16/10/2023
216702;30/04/2026
51515;27/04/2016
101684;10/10/2018
203998;15/12/2021
214135;28/08/2025
212448;03/04/2025
123630;01/07/2019
76879;19/01/2018
211651;27/01/2025
204752;11/05/2022
216780;15/04/2026
216188;04/03/2026
202422;30/03/2021
137956;30/08/2019
204722;05/05/2022
210738;30/09/2024
50081;01/09/2010
207920;10/11/2023
207144;14/07/2023
209624;18/06/2024
211958;18/02/2025
205433;31/08/2022
216679;13/04/2026
211245;04/12/2024
207600;01/09/2023
164882;21/01/2020
202340;05/03/2021
205710;18/10/2022
211331;20/12/2024
211951;18/02/2025
212337;25/03/2025
152381;01/11/2019
203475;21/09/2021
211050;08/11/2024
63287;29/05/2017
215173;24/11/2025
51327;08/04/2015
216828;17/04/2026
74825;08/01/2018
207852;06/10/2023
89312;25/05/2018
205443;01/09/2022
203675;21/10/2021
212768;17/04/2025
211878;11/02/2025
61122;17/03/2017
86230;07/05/2018
206664;09/05/2023
205009;01/07/2022
206416;30/03/2023
57065;01/02/2017
210274;27/08/2024
51882;06/10/2016
206318;08/03/2023
72764;08/12/2017
155475;13/11/2019
179249;19/03/2020
50498;28/04/2011
208790;06/03/2024
211343;26/12/2024
215594;26/01/2026
216717;15/04/2026
206225;15/02/2023
205202;21/07/2022
211172;22/11/2024
51053;29/05/2013
205585;23/09/2022
162743;30/12/2019
51440;28/01/2016
202157;05/02/2021
213551;08/07/2025
50716;17/04/2012
50711;30/03/2012
50696;14/03/2012
208712;28/02/2024
146116;08/10/2019
216514;06/04/2026
211645;27/01/2025
147165;10/10/2019
210974;30/10/2024
58070;06/02/2017
204069;06/01/2022
208594;06/02/2024
208354;12/01/2024
75846;12/01/2018
82086;27/03/2018
215876;30/01/2026
209110;24/04/2024
209674;24/06/2024
51132;23/01/2014
216802;24/04/2026
188524;20/05/2020
51444;01/02/2016
207774;27/09/2023
200205;18/09/2020
185472;13/05/2020
82144;12/04/2018
50399;09/12/2010
210657;23/09/2024
208785;05/03/2024
66506;31/08/2017
202187;09/02/2021
210874;16/10/2024
202736;22/06/2021
205407;26/08/2022
202477;09/04/2021
216016;13/02/2026
203255;18/08/2021
210688;25/09/2024
210650;23/09/2024
213756;24/07/2025
209706;26/06/2024
207654;13/09/2023
215682;19/01/2026
202798;26/06/2021
209784;10/07/2024
50004;11/08/2010
215457;06/01/2026
216077;20/02/2026
62223;03/05/2017
200964;18/12/2020
92344;12/06/2018
56026;22/12/2016
50220;20/09/2010
90320;01/06/2018
212770;22/04/2025
208030;09/11/2023
212553;07/04/2025
148230;17/10/2019
217066;22/05/2026
212317;02/04/2025
217409;12/06/2026
213136;22/05/2025
206729;16/05/2023
208234;19/12/2023
214164;28/08/2025
203507;24/09/2021
200269;11/09/2020
205428;31/08/2022
169006;13/02/2020
206220;14/02/2023
215384;19/12/2025
208049;14/11/2023
214080;22/08/2025
216742;13/04/2026
202770;26/06/2021
207924;24/10/2023
61106;03/03/2017
207735;22/09/2023
204616;12/04/2022
206905;12/06/2023
207133;04/07/2023
200335;25/09/2020
214245;08/09/2025
106847;13/12/2018
51772;23/08/2016
200879;04/12/2020
208480;30/01/2024
207509;18/08/2023
210776;03/10/2024
216531;25/03/2026
146140;08/10/2019
212722;16/04/2025
202878;06/07/2021
79030;02/03/2018
215373;16/12/2025
214928;30/10/2025
216250;18/03/2026
51516;27/04/2016
212413;28/03/2025
167926;30/01/2020
51692;03/06/2016
204469;14/03/2022
213843;15/08/2025
212726;16/04/2025
100635;27/09/2018
50251;23/09/2010
122613;26/06/2019
212541;04/04/2025
203174;05/08/2021
64326;08/06/2017
150326;29/10/2019
100624;20/09/2018
209239;06/05/2024
204746;10/05/2022
63268;18/05/2017
208771;05/03/2024
204870;02/06/2022
101697;11/10/2018
205385;23/08/2022
148205;15/10/2019
204788;18/05/2022
211870;11/02/2025
212309;20/03/2025
209176;30/04/2024
204028;23/12/2021
208166;05/12/2023
51770;22/08/2016
204225;01/02/2022
146121;08/10/2019
50026;16/08/2010
110039;25/02/2019
212331;21/03/2025
217379;06/07/2026
204567;04/04/2022
211661;27/01/2025
209333;15/05/2024
216736;13/04/2026
70699;10/11/2017
216392;24/03/2026
66444;02/08/2017
214156;04/09/2025
207738;22/09/2023
210957;31/10/2024
203700;26/10/2021
207737;22/09/2023
207723;21/09/2023
210015;29/07/2024
209077;22/04/2024
203448;17/09/2021
189545;26/05/2020
209580;12/06/2024
206561;20/04/2023
212570;07/04/2025
206077;18/01/2023
213474;30/06/2025
190587;01/06/2020
211056;11/11/2024
203547;01/10/2021
204222;31/01/2022
214240;04/09/2025
61129;20/03/2017
148220;17/10/2019
206417;27/03/2023
106867;03/01/2019
212213;13/03/2025
146131;08/10/2019
51974;18/11/2016
212341;24/03/2025
50962;17/01/2013
66372;04/07/2017
209626;18/06/2024
216647;06/04/2026
148234;17/10/2019
149286;24/10/2019
217490;18/06/2026
209327;15/05/2024
216792;14/04/2026
200181;01/09/2020
205383;22/08/2022
212843;29/04/2025
153441;06/11/2019
124677;11/07/2019
202219;18/02/2021
203904;25/11/2021
51517;27/04/2016
205544;19/09/2022
93449;19/07/2018
50152;15/09/2010
120539;29/05/2019
57033;06/01/2017
76946;02/02/2018
65347;20/06/2017
96512;15/08/2018
204449;27/04/2022
82185;23/04/2018
50921;06/11/2012
207958;06/11/2023
160673;09/12/2019
203252;17/08/2021
216480;19/03/2026
208997;10/04/2024
50366;08/10/2010
78985;19/02/2018
50579;25/07/2011
50946;08/01/2013
204586;05/04/2022
103772;07/11/2018
50648;27/10/2011
101670;08/10/2018
50929;19/11/2012
204214;28/01/2022
204444;10/03/2022
217353;03/07/2026
211342;26/12/2024
205392;24/08/2022
205282;05/08/2022
206144;02/02/2023
210690;25/09/2024
203018;19/07/2021
190594;02/06/2020
206541;18/04/2023
51014;15/03/2013
70727;24/11/2017
132866;12/08/2019
156482;14/11/2019
51518;27/04/2016
202975;15/07/2021
208637;15/02/2024
51110;29/10/2013
50575;12/07/2011
144082;30/09/2019
104814;22/11/2018
202848;01/07/2021
114361;15/04/2019
210788;04/10/2024
50706;28/03/2012
51981;21/11/2016
163845;17/01/2020
214708;10/10/2025
106876;09/01/2019
207954;27/10/2023
202598;19/05/2021
213068;16/05/2025
211225;29/11/2024
210346;03/09/2024
211452;15/01/2025
208424;18/01/2024
50922;06/11/2012
51498;13/04/2016
213453;24/06/2025
196968;06/08/2020
51520;27/04/2016
51519;27/04/2016
207237;14/07/2023
207046;26/06/2023
103749;26/10/2018
50153;15/09/2010
204733;06/05/2022
215145;25/11/2025
145091;01/10/2019
62171;07/04/2017
209095;23/04/2024
202569;11/05/2021
215310;15/12/2025
208571;05/02/2024
215767;02/02/2026
103766;12/11/2018
208082;21/11/2023
63297;31/05/2017
211303;12/12/2024
217070;15/05/2026
190545;26/05/2020
50460;17/03/2011
103776;08/11/2018
206493;11/04/2023
136944;29/08/2019
167962;05/02/2020
217076;13/05/2026
212554;07/04/2025
215181;08/12/2025
82071;21/03/2018
215697;05/02/2026
50446;14/03/2011
200338;23/09/2020
212468;01/04/2025
213602;08/07/2025
50995;19/02/2013
207255;18/07/2023
202239;22/02/2021
212266;17/03/2025
208863;15/03/2024
211507;14/01/2025
210970;29/10/2024
201082;21/01/2021
202983;14/07/2021
157502;18/11/2019
206052;13/01/2023
51250;28/10/2014
214630;30/09/2025
213242;02/06/2025
50273;28/09/2010
50578;18/07/2011
101708;16/10/2018
51521;27/04/2016
202654;01/06/2021
216999;07/05/2026
209157;29/04/2024
213403;20/06/2025
213847;07/08/2025
51181;01/04/2014
122583;13/06/2019
88250;10/05/2018
50492;26/04/2011
116471;06/05/2019
94456;23/07/2018
203202;10/08/2021
62208;26/04/2017
50277;28/09/2010
50154;15/09/2010
51984;22/11/2016
209925;16/07/2024
50006;12/08/2010
203172;05/08/2021
207646;11/09/2023
57057;24/01/2017
216685;16/04/2026
211930;14/02/2025
200928;15/12/2020
50717;17/04/2012
208440;19/01/2024
215100;01/12/2025
206018;09/01/2023
206401;23/03/2023
206721;15/05/2023
216840;20/04/2026
51893;11/10/2016
50842;05/09/2012
194736;29/06/2020
204473;23/03/2022
211574;20/01/2025
215807;05/02/2026
208371;15/01/2024
51779;31/08/2016
214018;25/08/2025
75854;15/01/2018
208339;12/01/2024
216863;23/04/2026
50881;28/09/2012
207724;25/09/2023
51776;30/08/2016
74826;09/01/2018
207044;22/06/2023
207043;22/06/2023
207042;22/06/2023
164865;20/01/2020
200984;04/01/2021
207479;14/08/2023
213480;25/06/2025
89293;17/05/2018
155463;11/11/2019
51407;15/10/2015
212505;03/04/2025
209335;20/05/2024
211639;24/01/2025
212065;25/02/2025
206066;16/01/2023
61088;17/02/2017
215439;29/12/2025
50305;29/09/2010
123631;01/07/2019
51783;31/08/2016
205945;19/12/2022
206353;14/03/2023
213720;24/07/2025
50781;22/06/2012
214375;30/09/2025
50433;11/02/2011
114345;11/04/2019
82083;27/03/2018
204923;13/06/2022
217536;25/06/2026
70744;29/11/2017
212828;28/04/2025
200658;28/10/2020
119502;20/05/2019
107983;08/02/2019
210351;03/09/2024
213827;01/08/2025
202365;12/03/2021
207537;23/08/2023
50093;02/09/2010
203932;02/12/2021
50466;23/03/2011
66422;24/07/2017
213995;21/08/2025
204392;24/02/2022
209378;21/05/2024
51888;11/10/2016
210762;02/10/2024
50520;26/05/2011
217384;26/06/2026
114246;02/04/2019
202967;14/07/2021
204821;25/05/2022
152362;31/10/2019
211619;24/01/2025
214324;16/09/2025
160675;09/12/2019
207871;10/10/2023
203999;15/12/2021
207854;06/10/2023
114350;11/04/2019
81051;13/03/2018
213493;26/06/2025
51906;24/10/2016
82075;21/03/2018
208651;22/02/2024
217047;15/05/2026
216841;22/04/2026
121576;12/06/2019
101678;09/10/2018
203491;23/09/2021
203892;25/11/2021
202169;08/02/2021
211550;17/01/2025
88280;14/05/2018
213336;12/06/2025
82091;28/03/2018
86215;04/05/2018
207070;28/06/2023
202696;15/06/2021
204075;06/01/2022
110037;25/02/2019
200173;03/09/2020
212389;28/03/2025
200186;01/09/2020
208456;22/01/2024
206149;02/02/2023
212928;06/05/2025
207717;20/09/2023
214152;27/08/2025
208831;12/03/2024
208337;10/01/2024
214234;02/09/2025
212919;06/05/2025
217110;13/05/2026
208392;16/01/2024
207605;01/09/2023
216646;31/03/2026
213078;19/05/2025
212438;28/03/2025
210109;07/08/2024
207154;05/07/2023
212881;02/05/2025
212879;02/05/2025
212880;02/05/2025
210335;02/09/2024
214139;27/08/2025
205464;05/09/2022
202830;26/06/2021
204843;30/05/2022
203413;12/09/2021
204911;08/06/2022
202649;31/05/2021
195786;03/07/2020
202648;31/05/2021
195785;03/07/2020
195784;03/07/2020
206479;06/04/2023
212841;29/04/2025
214711;23/10/2025
98572;04/09/2018
190568;28/05/2020
209708;28/06/2024
200065;19/08/2020
214732;13/10/2025
168984;10/02/2020
200576;19/10/2020
50265;27/09/2010
202412;05/04/2021
216602;08/04/2026
216291;05/03/2026
207829;03/10/2023
215024;18/11/2025
212349;25/03/2025
216368;11/03/2026
211035;07/11/2024
125737;26/07/2019
203400;09/09/2021
203587;07/10/2021
214867;20/10/2025
200738;12/11/2020
213967;13/08/2025
168976;14/02/2020
203418;13/09/2021
210271;27/08/2024
207454;11/08/2023
51945;04/11/2016
97544;23/08/2018
206724;16/05/2023
213139;22/05/2025
161711;17/12/2019
50754;21/05/2012
133882;15/08/2019
214537;25/09/2025
209825;10/07/2024
205041;04/07/2022
202360;10/03/2021
166924;30/01/2020
200770;17/11/2020
202407;25/03/2021
164889;21/01/2020
206497;11/04/2023
170025;14/02/2020
51241;10/10/2014
202727;22/06/2021
217477;30/06/2026
217124;14/05/2026
50631;16/09/2011
217043;11/05/2026
215567;09/01/2026
215669;16/01/2026
209083;22/04/2024
206014;09/01/2023
210356;03/09/2024
202721;21/06/2021
106872;08/01/2019
184425;30/04/2020
206112;27/01/2023
202964;13/07/2021
51936;01/11/2016
207287;21/07/2023
213534;01/07/2025
208943;02/04/2024
200672;14/12/2020
213588;17/07/2025
210908;21/10/2024
214279;05/09/2025
205303;08/08/2022
214734;13/10/2025
211690;29/01/2025
211272;09/12/2024
208859;14/03/2024
204420;07/03/2022
217500;03/07/2026
206450;03/04/2023
214106;25/08/2025
216511;25/03/2026
208454;22/01/2024
82169;16/04/2018
214290;08/09/2025
200427;01/10/2020
216177;27/02/2026
212916;06/05/2025
207746;25/09/2023
217428;15/06/2026
142067;23/09/2019
216117;19/02/2026
206170;06/02/2023
207729;25/09/2023
216285;05/03/2026
93410;12/07/2018
213029;14/05/2025
209837;15/07/2024
213902;08/08/2025
211081;13/11/2024
204774;13/05/2022
204758;12/05/2022
205076;07/07/2022
204320;07/03/2022
209725;27/06/2024
62202;26/04/2017
198003;11/08/2020
51951;08/11/2016
213688;18/07/2025
92373;22/06/2018
209549;12/06/2024
215565;02/02/2026
145096;02/10/2019
50210;17/09/2010
51749;25/07/2016
76889;22/01/2018
51786;01/09/2016
192639;10/06/2020
71750;04/12/2017
203091;29/07/2021
210937;24/10/2024
50352;07/10/2010
213261;04/06/2025
209651;21/06/2024
211473;14/01/2025
153434;05/11/2019
204452;11/03/2022
67600;04/10/2017
202492;12/04/2021
213581;09/07/2025
114256;29/03/2019
216390;12/03/2026
67586;27/09/2017
217730;15/07/2026
70665;27/10/2017
211940;17/02/2025
66457;14/08/2017
217061;15/05/2026
198011;11/08/2020
216424;20/03/2026
51522;28/04/2016
214172;03/09/2025
185466;13/05/2020
214534;06/10/2025
204138;13/01/2022
210915;21/10/2024
213382;16/06/2025
203608;08/10/2021
215702;02/02/2026
207873;11/10/2023
212612;09/04/2025
208902;25/03/2024
66417;20/07/2017
200926;14/12/2020
204325;15/02/2022
213243;02/06/2025
215358;16/12/2025
202724;24/06/2021
209606;14/06/2024
210844;11/10/2024
207251;18/07/2023
216492;20/03/2026
207612;04/09/2023
217389;12/06/2026
204943;15/06/2022
211889;12/02/2025
50963;18/01/2013
210702;26/09/2024
210026;29/07/2024
216232;03/03/2026
209766;02/07/2024
209969;23/07/2024
205211;25/07/2022
208840;14/03/2024
203004;16/07/2021
213980;18/08/2025
201086;21/01/2021
217494;18/06/2026
212996;12/05/2025
115419;23/04/2019
217369;12/06/2026
212747;17/04/2025
81055;14/03/2018
206332;10/03/2023
100591;13/09/2018
208485;24/01/2024
50317;29/09/2010
217170;27/05/2026
207078;28/06/2023
114341;10/04/2019
202247;22/02/2021
203955;09/12/2021
211208;28/11/2024
131809;05/08/2019
212056;24/02/2025
215770;22/01/2026
202604;26/05/2021
208612;08/02/2024
93393;29/06/2018
57038;10/01/2017
202107;27/01/2021
114340;10/04/2019
210365;04/09/2024
90324;05/06/2018
204867;02/06/2022
66437;31/07/2017
51579;09/05/2016
155468;11/11/2019
147161;10/10/2019
202106;27/01/2021
217654;07/07/2026
214213;03/09/2025
78994;21/02/2018
215512;09/01/2026
67587;28/09/2017
200965;18/12/2020
211911;13/02/2025
205745;24/10/2022
205161;19/07/2022
216987;21/05/2026
216258;09/03/2026
207591;31/08/2023
86213;04/05/2018
205749;25/10/2022
114325;08/04/2019
51452;04/02/2016
214332;17/09/2025
196906;24/07/2020
204196;26/01/2022
215505;14/01/2026
50309;29/09/2010
159652;03/12/2019
76954;06/02/2018
152367;04/11/2019
204747;11/05/2022
212933;07/05/2025
216090;18/02/2026
210643;23/09/2024
216327;09/03/2026
210076;02/08/2024
212369;26/03/2025
62183;18/04/2017
211268;09/12/2024
210303;29/08/2024
205753;31/10/2022
205264;03/08/2022
215174;24/11/2025
213911;06/08/2025
203591;07/10/2021
160664;05/12/2019
216065;13/02/2026
200561;15/10/2020
216552;25/03/2026
212214;13/03/2025
207168;07/07/2023
98549;24/08/2018
215775;23/02/2026
209093;23/04/2024
115450;02/05/2019
202679;09/06/2021
210259;27/08/2024
74821;08/01/2018
205512;14/09/2022
205642;06/10/2022
216191;03/03/2026
203606;08/10/2021
214521;24/09/2025
196940;30/07/2020
67549;21/09/2017
214562;02/10/2025
206026;11/01/2023
205096;13/07/2022
213099;21/05/2025
214348;26/09/2025
210237;26/08/2024
215871;30/01/2026
207607;04/09/2023
170028;14/02/2020
213654;17/07/2025
208921;28/03/2024
217501;22/06/2026
50111;08/09/2010
208786;05/03/2024
204849;30/05/2022
182296;01/04/2020
163863;17/01/2020
216033;13/02/2026
158576;27/11/2019
200666;29/10/2020
213298;09/06/2025
202146;03/02/2021
200592;21/10/2020
211968;19/02/2025
208876;19/03/2024
202838;04/07/2021
217115;15/05/2026
208994;09/04/2024
209934;17/07/2024
208849;13/03/2024
207448;09/08/2023
210074;02/08/2024
213384;16/06/2025
113147;22/03/2019
211098;14/11/2024
204396;25/02/2022
173112;21/02/2020
205539;19/09/2022
206299;06/03/2023
210824;09/10/2024
212692;14/04/2025
209164;29/04/2024
214489;25/09/2025
122592;17/06/2019
170019;14/02/2020
106924;22/01/2019
199030;14/08/2020
203398;22/09/2021
180275;24/03/2020
212060;25/02/2025
213520;30/06/2025
117480;10/05/2019
205057;06/07/2022
212679;14/04/2025
200872;03/12/2020
216855;23/04/2026
170026;14/02/2020
205794;07/11/2022
209770;02/07/2024
50397;06/12/2010
115418;23/04/2019
97540;21/08/2018
164885;21/01/2020
211886;18/02/2025
199036;17/08/2020
114175;25/03/2019
211588;22/01/2025
194725;26/06/2020
212081;26/02/2025
202932;08/07/2021
208240;21/12/2023
207130;04/07/2023
217691;10/07/2026
214899;05/11/2025
213745;25/07/2025
214706;10/10/2025
196848;13/07/2020
206930;14/06/2023
202810;26/06/2021
51523;28/04/2016
209695;26/06/2024
216483;19/03/2026
211091;14/11/2024
215022;06/11/2025
67616;09/10/2017
214472;22/09/2025
213649;17/07/2025
200696;04/11/2020
204667;25/04/2022
205772;09/11/2022
202516;16/04/2021
213804;12/08/2025
216956;30/04/2026
210869;15/10/2024
216986;08/05/2026
208418;18/01/2024
203824;16/11/2021
210066;01/08/2024
211042;08/11/2024
206686;11/05/2023
208430;18/01/2024
206740;18/05/2023
200847;26/11/2020
114233;26/03/2019
215375;19/12/2025
209640;19/06/2024
208110;23/11/2023
204393;24/02/2022
106846;13/12/2018
63270;22/05/2017
73791;19/12/2017
208714;27/02/2024
204874;03/06/2022
213512;27/06/2025
215914;20/02/2026
203447;17/09/2021
207793;29/09/2023
121550;03/06/2019
215101;18/11/2025
208128;28/11/2023
96513;15/08/2018
211374;07/01/2025
210235;23/08/2024
211683;28/01/2025
205592;03/10/2022
150315;28/10/2019
205735;21/10/2022
211461;13/01/2025
209280;09/05/2024
82112;04/04/2018
51875;29/09/2016
205540;20/09/2022
204344;15/02/2022
50128;09/09/2010
51524;28/04/2016
51442;01/02/2016
127772;31/07/2019
213992;18/08/2025
210375;09/09/2024
81041;09/03/2018
205559;21/09/2022
213631;15/07/2025
66511;04/09/2017
203735;29/10/2021
216466;18/03/2026
216026;20/02/2026
213725;22/07/2025
206951;16/06/2023
215406;23/12/2025
213344;12/06/2025
212052;24/02/2025
122629;01/07/2019
212614;09/04/2025
208626;09/02/2024
202349;08/03/2021
210238;26/08/2024
209241;07/05/2024
51814;09/09/2016
204212;27/01/2022
211092;14/11/2024
162784;09/01/2020
210919;22/10/2024
50369;08/10/2010
208066;17/11/2023
212896;05/05/2025
204565;04/04/2022
182297;02/04/2020
211985;19/02/2025
202576;12/05/2021
51479;04/03/2016
208839;14/03/2024
208991;10/04/2024
208545;01/02/2024
210648;20/09/2024
202520;20/04/2021
114406;17/04/2019
50138;14/09/2010
216306;09/03/2026
209742;28/06/2024
114298;05/04/2019
162765;06/01/2020
201096;22/01/2021
209209;03/05/2024
206706;12/05/2023
206465;04/04/2023
200493;09/10/2020
67537;14/09/2017
162792;14/01/2020
208439;19/01/2024
213141;04/06/2025
200473;08/10/2020
58067;03/02/2017
203633;18/10/2021
148238;18/10/2019
76936;01/02/2018
216153;24/02/2026
111057;07/03/2019
207048;23/06/2023
207860;10/10/2023
50623;05/09/2011
204424;07/03/2022
50632;16/09/2011
211660;27/01/2025
212749;17/04/2025
211266;09/12/2024
206644;05/05/2023
213874;12/08/2025
122598;18/06/2019
203916;29/11/2021
202585;14/05/2021
205234;27/07/2022
208821;13/03/2024
211037;07/11/2024
97546;03/09/2018
70655;26/10/2017
205307;09/08/2022
206383;20/03/2023
205990;04/01/2023
217030;08/05/2026
166909;28/01/2020
211220;28/11/2024
50007;12/08/2010
211994;25/02/2025
106943;31/01/2019
204773;13/05/2022
204970;24/06/2022
133890;19/08/2019
211409;21/01/2025
216724;09/04/2026
212712;15/04/2025
169021;14/02/2020
207887;16/10/2023
115445;30/04/2019
200901;08/12/2020
103768;05/11/2018
211458;13/01/2025
215048;17/11/2025
209614;18/06/2024
213269;05/06/2025
214625;01/10/2025
51525;28/04/2016
210016;29/07/2024
210007;26/07/2024
202693;16/06/2021
216829;17/04/2026
80040;07/03/2018
66446;02/08/2017
51255;06/11/2014
66407;19/07/2017
74793;20/12/2017
203263;18/08/2021
148216;16/10/2019
88278;14/05/2018
210001;26/07/2024
201039;13/01/2021
202447;05/04/2021
209041;17/04/2024
214969;04/11/2025
204958;22/06/2022
212270;17/03/2025
208850;14/03/2024
209576;12/06/2024
114196;25/03/2019
207684;18/09/2023
208155;01/12/2023
200271;15/09/2020
202162;05/02/2021
200662;28/10/2020
201048;14/01/2021
208787;05/03/2024
214409;26/09/2025
204682;28/04/2022
147146;09/10/2019
138987;04/09/2019
61083;16/02/2017
217472;17/06/2026
201083;21/01/2021
204792;19/05/2022
216601;02/04/2026
212445;31/03/2025
72789;14/12/2017
62186;19/04/2017
63301;31/05/2017
207961;30/10/2023
203191;09/08/2021
202966;13/07/2021
213537;01/07/2025
202882;06/07/2021
212736;16/04/2025
210930;23/10/2024
204569;04/04/2022
51342;29/05/2015
209659;21/06/2024
200258;09/09/2020
209353;17/05/2024
216668;09/04/2026
210909;22/10/2024
207223;13/07/2023
212480;01/04/2025
161714;17/12/2019
213266;04/06/2025
204181;24/01/2022
210032;29/07/2024
76908;24/01/2018
200719;09/11/2020
51526;28/04/2016
204575;04/04/2022
90335;06/06/2018
50056;30/08/2010
212237;14/03/2025
213793;04/08/2025
114267;02/04/2019
204636;14/04/2022
207747;25/09/2023
209582;12/06/2024
50135;14/09/2010
203686;25/10/2021
215723;02/02/2026
51527;28/04/2016
51528;28/04/2016
106880;10/01/2019
204382;22/02/2022
50362;08/10/2010
99584;12/09/2018
206311;08/03/2023
212945;07/05/2025
206189;10/02/2023
202652;31/05/2021
208108;23/11/2023
98555;29/08/2018
208152;30/11/2023
204268;04/02/2022
106877;10/01/2019
51973;18/11/2016
50370;08/10/2010
51529;28/04/2016
208329;09/01/2024
202825;26/06/2021
183341;14/04/2020
210663;24/09/2024
205596;27/09/2022
213188;28/05/2025
50398;08/12/2010
51072;12/07/2013
205695;17/10/2022
200975;05/01/2021
207959;30/10/2023
208010;07/11/2023
195770;01/07/2020
215297;09/12/2025
101686;10/10/2018
209413;22/05/2024
202577;12/05/2021
213814;08/08/2025
205047;05/07/2022
216271;05/03/2026
212549;04/04/2025
211017;05/11/2024
217458;03/07/2026
76935;01/02/2018
215343;19/12/2025
206605;02/05/2023
211888;12/02/2025
215315;16/12/2025
212718;16/04/2025
206545;18/04/2023
214905;24/10/2025
212342;24/03/2025
205341;17/08/2022
214227;04/09/2025
50727;26/04/2012
62245;10/05/2017
210039;31/07/2024
162786;10/01/2020
205831;21/11/2022
76920;29/01/2018
205091;12/07/2022
211581;05/02/2025
208064;17/11/2023
215126;19/11/2025
208957;04/04/2024
203342;27/08/2021
211637;24/01/2025
206304;20/03/2023
215247;02/12/2025
203615;13/10/2021
214051;20/08/2025
209027;16/04/2024
212563;07/04/2025
216758;10/04/2026
111092;12/03/2019
214517;25/09/2025
200829;25/11/2020
209145;26/04/2024
209047;17/04/2024
216242;04/03/2026
206872;07/06/2023
213794;30/07/2025
203260;18/08/2021
214020;18/08/2025
214675;15/10/2025
155477;13/11/2019
123635;03/07/2019
207789;29/09/2023
51737;08/07/2016
50142;14/09/2010
50354;07/10/2010
173111;21/02/2020
82117;05/04/2018
51001;26/02/2013
114332;09/04/2019
217069;14/05/2026
90328;05/06/2018
70712;16/11/2017
214229;09/09/2025
214822;15/10/2025
200989;04/01/2021
214359;25/09/2025
50144;14/09/2010
51959;14/11/2016
200091;21/08/2020
202951;12/07/2021
212627;10/04/2025
51231;16/09/2014
50662;28/11/2011
210892;17/10/2024
215483;12/01/2026
167970;05/02/2020
213852;05/08/2025
205210;22/07/2022
205112;15/07/2022
212815;25/04/2025
212640;10/04/2025
212887;02/05/2025
106852;18/12/2018
103754;29/10/2018
212634;10/04/2025
114178;25/03/2019
204617;14/04/2022
217364;10/06/2026
210037;31/07/2024
202313;02/03/2021
215935;20/02/2026
215552;02/02/2026
123633;01/07/2019
205624;03/10/2022
216155;24/02/2026
207669;14/09/2023
169005;13/02/2020
215928;13/02/2026
202216;17/02/2021
208683;21/02/2024
215404;19/12/2025
215663;27/01/2026
200668;29/10/2020
209393;21/05/2024
206387;20/03/2023
211918;14/02/2025
203103;30/07/2021
114280;03/04/2019
205591;26/09/2022
61104;03/03/2017
203461;20/09/2021
215845;30/01/2026
50750;17/05/2012
213515;27/06/2025
206323;10/03/2023
196934;30/07/2020
207286;21/07/2023
209932;17/07/2024
51773;26/08/2016
210998;04/11/2024
102738;24/10/2018
211274;09/12/2024
50290;28/09/2010
207546;25/08/2023
51834;15/09/2016
200753;16/11/2020
215114;03/12/2025
82172;17/04/2018
150309;28/10/2019
204015;17/12/2021
208426;18/01/2024
161709;17/12/2019
202419;30/03/2021
50681;03/02/2012
200701;05/11/2020
51530;29/04/2016
209225;03/05/2024
201025;11/01/2021
209523;04/06/2024
208347;15/01/2024
215862;30/01/2026
161726;20/12/2019
109009;15/02/2019
82175;18/04/2018
210201;19/08/2024
79024;28/02/2018
206404;23/03/2023
213673;16/07/2025
51435;15/01/2016
197985;10/08/2020
200765;16/11/2020
200722;09/11/2020
202845;04/07/2021
210714;30/09/2024
101660;05/10/2018
200377;29/09/2020
204909;08/06/2022
215478;12/01/2026
209780;03/07/2024
70716;21/11/2017
113158;23/03/2019
208357;12/01/2024
207412;07/08/2023
208499;26/01/2024
204363;17/02/2022
209856;15/07/2024
215733;21/01/2026
215880;30/01/2026
206391;21/03/2023
205343;17/08/2022
215854;29/01/2026
208628;09/02/2024
51929;28/10/2016
122593;18/06/2019
62221;03/05/2017
210013;26/07/2024
51464;15/02/2016
51795;01/09/2016
51531;29/04/2016
183383;22/04/2020
205077;07/07/2022
131803;05/08/2019
200981;22/01/2021
203289;20/08/2021
217205;25/05/2026
51904;20/10/2016
92345;12/06/2018
63260;17/05/2017
102725;19/10/2018
206446;31/03/2023
214921;24/10/2025
201051;14/01/2021
50745;11/05/2012
96509;14/08/2018
206675;10/05/2023
54003;30/11/2016
51980;21/11/2016
50386;16/11/2010
81057;16/03/2018
51532;29/04/2016
207183;10/07/2023
212150;10/03/2025
50355;07/10/2010
67613;05/10/2017
98560;29/08/2018
207513;21/08/2023
51317;23/03/2015
76949;05/02/2018
203206;12/08/2021
206570;24/04/2023
204609;11/04/2022
215605;16/01/2026
106869;07/01/2019
208766;01/03/2024
50079;01/09/2010
50914;29/10/2012
204228;31/01/2022
50392;30/11/2010
132874;13/08/2019
88251;10/05/2018
214635;02/10/2025
200852;30/11/2020
66441;01/08/2017
114234;26/03/2019
74820;07/01/2018
51533;29/04/2016
193707;24/06/2020
203720;28/10/2021
51247;24/10/2014
208007;07/11/2023
50689;15/02/2012
75856;16/01/2018
211072;14/11/2024
207014;20/06/2023
87231;09/05/2018
171045;18/02/2020
211115;21/11/2024
210950;25/10/2024
51474;24/02/2016
96511;14/08/2018
200930;14/12/2020
79013;27/02/2018
50221;20/09/2010
200871;03/12/2020
82182;23/04/2018
216635;02/04/2026
51825;12/09/2016
50415;17/01/2011
82157;16/04/2018
62172;07/04/2017
215032;07/11/2025
51033;30/04/2013
51272;12/11/2014
51910;25/10/2016
211312;17/12/2024
146111;04/10/2019
202359;10/03/2021
62227;03/05/2017
50564;28/06/2011
190597;03/06/2020
126764;30/07/2019
50338;04/10/2010
211995;20/02/2025
212793;24/04/2025
212829;28/04/2025
104831;03/12/2018
150323;28/10/2019
203530;29/09/2021
203028;20/07/2021
122608;24/06/2019
207739;22/09/2023
212825;28/04/2025
212490;02/04/2025
209830;10/07/2024
200094;21/08/2020
200054;19/08/2020
200402;30/09/2020
211808;05/02/2025
51534;29/04/2016
73793;19/12/2017
213979;01/09/2025
202709;18/06/2021
214923;30/10/2025
173144;02/03/2020
208532;30/01/2024
149275;29/10/2019
204519;24/03/2022
210976;31/10/2024
207700;20/09/2023
100657;05/10/2018
213263;04/06/2025
212897;05/05/2025
205679;13/10/2022
204245;01/02/2022
208215;13/12/2023
216071;13/02/2026
214689;10/10/2025
106900;16/01/2019
208811;12/03/2024
216121;19/02/2026
208150;30/11/2023
50123;09/09/2010
209740;28/06/2024
214109;04/09/2025
50757;24/05/2012
133885;15/08/2019
202230;19/02/2021
215464;07/01/2026
203071;27/07/2021
162797;14/01/2020
212083;26/02/2025
86229;07/05/2018
50269;27/09/2010
61085;16/02/2017
216985;11/05/2026
202846;29/06/2021
172049;19/02/2020
148242;18/10/2019
208578;06/02/2024
51545;02/05/2016
210022;26/07/2024
203374;02/09/2021
202158;05/02/2021
66491;24/08/2017
76876;19/01/2018
212700;15/04/2025
50775;11/06/2012
210513;11/09/2024
208836;14/03/2024
202917;07/07/2021
214961;06/11/2025
214153;01/09/2025
211692;29/01/2025
209132;29/04/2024
51294;22/01/2015
209517;12/06/2024
112110;19/03/2019
214835;23/10/2025
217439;17/06/2026
200336;23/09/2020
213994;25/08/2025
207272;20/07/2023
200730;10/11/2020
106882;11/01/2019
50509;06/05/2011
207081;28/06/2023
51461;12/02/2016
203209;11/08/2021
204503;23/03/2022
51535;29/04/2016
217039;14/05/2026
210167;15/08/2024
62225;03/05/2017
51799;02/09/2016
116469;06/05/2019
206915;12/06/2023
205108;14/07/2022
207407;07/08/2023
210990;01/11/2024
212769;22/04/2025
203621;14/10/2021
215477;08/01/2026
114207;25/03/2019
209701;26/06/2024
200888;07/12/2020
207964;31/10/2023
204205;26/01/2022
202154;04/02/2021
203038;21/07/2021
148250;21/10/2019
66513;04/09/2017
213163;26/05/2025
210689;25/09/2024
193679;16/06/2020
203651;19/10/2021
217572;26/06/2026
202781;26/06/2021
214525;24/09/2025
210863;15/10/2024
206735;17/05/2023
212586;08/04/2025
95475;31/07/2018
208278;05/01/2024
51954;10/11/2016
193672;16/06/2020
208463;23/01/2024
214577;26/09/2025
204808;23/05/2022
200749;13/11/2020
124688;12/07/2019
51536;29/04/2016
209364;20/05/2024
215643;02/02/2026
208267;27/12/2023
195804;07/07/2020
206571;24/04/2023
51794;01/09/2016
50145;14/09/2010
196865;15/07/2020
202779;23/06/2021
200700;05/11/2020
51537;29/04/2016
212613;09/04/2025
147164;10/10/2019
203097;03/08/2021
210354;03/09/2024
213985;19/08/2025
75876;18/01/2018
200554;15/10/2020
213228;30/05/2025
203652;20/10/2021
54009;05/12/2016
92340;11/06/2018
202144;03/03/2021
209528;04/06/2024
200866;02/12/2020
96519;17/08/2018
51289;01/12/2014
51538;29/04/2016
215498;07/01/2026
212099;28/02/2025
207021;20/06/2023
214419;17/09/2025
61090;17/02/2017
206271;02/03/2023
202799;26/06/2021
51539;29/04/2016
66526;08/09/2017
111083;12/03/2019
206799;25/05/2023
133888;16/08/2019
51540;29/04/2016
151354;31/10/2019
200849;30/11/2020
79018;28/02/2018
216617;06/04/2026
216709;08/04/2026
95484;03/08/2018
214632;01/10/2025
183414;27/04/2020
65352;22/06/2017
215777;02/02/2026
215803;28/01/2026
51918;26/10/2016
209529;04/06/2024
207839;04/10/2023
215393;19/12/2025
106855;18/12/2018
215601;27/02/2026
50740;11/05/2012
207085;29/06/2023
107962;06/02/2019
213470;25/06/2025
70698;08/11/2017
212395;28/03/2025
51541;29/04/2016
213832;13/08/2025
167973;06/02/2020
148200;14/10/2019
208984;09/04/2024
82084;27/03/2018
200678;03/11/2020
67582;27/09/2017
62242;10/05/2017
51729;28/06/2016
202678;09/06/2021
206321;08/03/2023
169001;13/02/2020
210716;30/09/2024
51141;05/02/2014
217164;28/05/2026
50856;18/09/2012
215677;26/01/2026
202440;01/04/2021
212960;08/05/2025
51134;29/01/2014
204751;11/05/2022
50351;07/10/2010
217688;08/07/2026
210159;14/08/2024
153463;11/11/2019
51983;22/11/2016
88252;10/05/2018
202161;05/02/2021
205882;02/12/2022
217350;08/06/2026
67531;13/09/2017
215035;07/11/2025
106903;18/01/2019
202510;16/04/2021
51041;15/05/2013
211565;17/02/2025
206011;09/01/2023
68633;16/10/2017
215703;27/01/2026
204861;01/06/2022
50222;21/09/2010
50020;12/08/2010
51008;06/03/2013
51949;07/11/2016
51543;02/05/2016
208912;27/03/2024
210667;24/09/2024
210922;22/10/2024
51544;02/05/2016
75869;17/01/2018
206455;03/04/2023
207090;29/06/2023
215623;28/01/2026
207092;29/06/2023
207091;29/06/2023
200135;27/08/2020
200134;27/08/2020
51747;15/07/2016
207667;13/09/2023
207676;14/09/2023
206367;16/03/2023
213945;11/08/2025
51714;10/06/2016
207370;02/08/2023
153415;04/11/2019
209546;06/06/2024
82102;02/04/2018
98547;24/08/2018
51755;02/08/2016
212799;24/04/2025
209190;02/05/2024
206813;26/05/2023
185444;07/05/2020
205094;13/07/2022
140034;11/09/2019
207515;21/08/2023
65346;20/06/2017
211168;21/11/2024
214466;18/09/2025
213391;16/06/2025
51733;30/06/2016
206117;27/01/2023
50461;17/03/2011
81060;19/03/2018
183363;17/04/2020
140049;17/09/2019
212225;14/03/2025
213215;29/05/2025
206900;12/06/2023
51002;26/02/2013
210283;28/08/2024
90336;07/06/2018
56025;22/12/2016
203816;12/11/2021
51445;03/02/2016
207296;24/07/2023
201027;11/01/2021
213420;20/06/2025
182318;07/04/2020
198001;11/08/2020
51095;04/09/2013
212264;17/03/2025
215647;19/01/2026
202294;25/03/2021
70659;26/10/2017
67530;13/09/2017
205889;06/12/2022
196896;22/07/2020
206325;09/03/2023
206326;09/03/2023
202248;22/02/2021
216896;27/04/2026
142058;23/09/2019
182326;09/04/2020
205822;18/11/2022
78984;19/02/2018
158584;10/12/2019
102736;23/10/2018
50574;08/07/2011
51746;15/07/2016
204771;13/05/2022
214091;22/08/2025
51679;30/05/2016
51713;10/06/2016
62153;27/03/2017
66512;04/09/2017
50266;27/09/2010
88297;16/05/2018
50147;14/09/2010
210096;06/08/2024
213941;11/08/2025
148240;18/10/2019
214045;20/08/2025
208942;02/04/2024
204785;18/05/2022
203470;21/09/2021
122594;18/06/2019
66476;21/08/2017
210151;13/08/2024
92381;25/06/2018
66453;07/08/2017
209103;23/04/2024
76944;02/02/2018
205578;22/09/2022
208716;27/02/2024
216954;04/05/2026
217215;22/05/2026
216183;26/02/2026
202125;29/01/2021
216860;22/04/2026
208268;27/12/2023
196882;21/07/2020
213186;28/05/2025
202742;22/06/2021
209235;06/05/2024
200484;09/10/2020
167952;03/02/2020
50485;13/04/2011
202623;26/05/2021
213130;22/05/2025
207424;08/08/2023
203690;25/10/2021
204651;14/04/2022
200085;21/08/2020
217436;16/06/2026
203809;12/11/2021
214716;10/10/2025
202393;23/03/2021
89297;21/05/2018
96520;17/08/2018
211406;08/01/2025
202763;26/06/2021
50326;30/09/2010
51337;28/04/2015
213976;13/08/2025
216161;24/02/2026
170023;14/02/2020
200164;01/09/2020
200169;27/08/2020
50330;30/09/2010
204603;07/04/2022
211080;13/11/2024
207902;18/10/2023
208941;02/04/2024
204691;29/04/2022
204573;04/04/2022
215298;05/12/2025
203184;13/08/2021
214806;15/10/2025
50650;03/11/2011
176188;12/03/2020
51291;05/01/2015
50708;28/03/2012
200575;19/10/2020
163816;15/01/2020
200772;18/11/2020
200782;18/11/2020
62204;26/04/2017
217257;26/05/2026
124690;15/07/2019
214764;14/10/2025
204260;03/02/2022
107967;05/02/2019
106856;18/12/2018
208323;12/01/2024
125759;30/07/2019
212494;02/04/2025
206040;12/01/2023
211635;24/01/2025
51048;24/05/2013
202922;08/07/2021
209942;18/07/2024
79037;05/03/2018
206390;21/03/2023
215751;02/02/2026
213541;01/07/2025
213093;20/05/2025
200388;29/09/2020
170030;14/02/2020
205755;25/10/2022
78981;16/02/2018
106868;04/01/2019
212232;14/03/2025
209250;08/05/2024
208325;09/01/2024
205119;15/07/2022
120520;24/05/2019
202945;12/07/2021
206519;14/04/2023
210959;28/10/2024
50694;06/03/2012
212005;20/02/2025
210854;14/10/2024
208119;27/11/2023
214524;02/10/2025
209073;19/04/2024
208799;07/03/2024
206362;15/03/2023
200303;18/09/2020
214165;03/09/2025
207925;23/10/2023
210939;24/10/2024
200378;29/09/2020
208581;06/02/2024
98569;03/09/2018
209162;29/04/2024
216066;13/02/2026
212550;04/04/2025
214339;09/09/2025
194749;30/06/2020
181281;26/03/2020
212103;28/02/2025
217468;01/07/2026
206731;16/05/2023
205902;07/12/2022
50076;31/08/2010
76941;02/02/2018
216947;30/04/2026
211634;24/01/2025
211446;10/01/2025
87237;09/05/2018
106935;28/01/2019
204324;15/02/2022
150300;28/10/2019
51398;24/09/2015
140043;16/09/2019
50361;08/10/2010
51293;13/01/2015
211633;24/01/2025
208022;08/11/2023
207992;03/11/2023
216488;18/03/2026
213557;03/07/2025
200261;10/09/2020
50978;01/02/2013
204523;25/03/2022
51823;09/09/2016
215808;04/02/2026
209293;10/05/2024
203251;17/08/2021
215606;19/01/2026
211270;09/12/2024
208679;29/02/2024
62212;27/04/2017
51547;03/05/2016
208310;08/01/2024
205250;01/08/2022
51941;03/11/2016
50225;21/09/2010
50148;14/09/2010
114240;27/03/2019
204218;27/01/2022
204180;21/01/2022
208882;20/03/2024
175163;05/03/2020
206235;17/02/2023
87238;09/05/2018
209099;23/04/2024
64328;07/06/2017
207512;18/08/2023
51634;18/05/2016
212419;28/03/2025
210263;27/08/2024
212997;12/05/2025
207953;26/10/2023
115413;18/04/2019
50562;28/06/2011
114185;25/03/2019
209416;22/05/2024
214958;30/10/2025
205785;03/11/2022
207028;23/06/2023
212408;27/03/2025
206860;02/06/2023
212827;28/04/2025
205081;08/07/2022
206477;06/04/2023
51771;23/08/2016
170027;14/02/2020
206107;24/01/2023
216556;01/04/2026
209255;08/05/2024
50541;10/06/2011
50739;10/05/2012
208685;22/02/2024
212845;29/04/2025
206878;06/06/2023
204066;05/01/2022
211338;23/12/2024
60077;14/02/2017
200206;03/09/2020
212374;26/03/2025
206094;20/01/2023
216063;19/02/2026
50379;04/11/2010
114242;29/03/2019
211047;08/11/2024
213653;04/08/2025
51016;19/03/2013
216995;03/06/2026
210078;05/08/2024
67581;27/09/2017
61146;23/03/2017
104782;09/11/2018
149292;24/10/2019
215673;02/02/2026
203300;24/08/2021
217019;18/05/2026
177190;13/03/2020
102739;24/10/2018
206008;06/01/2023
214565;24/09/2025
100599;13/09/2018
200482;08/10/2020
62243;10/05/2017
207679;15/09/2023
204878;08/06/2022
66471;17/08/2017
205993;05/01/2023
205275;04/08/2022
208158;01/12/2023
209213;06/05/2024
217278;01/06/2026
206496;11/04/2023
212362;25/03/2025
214756;10/10/2025
215719;21/01/2026
209678;25/06/2024
106927;23/01/2019
201008;07/01/2021
63256;16/05/2017
200822;25/11/2020
207685;18/09/2023
206204;13/02/2023
50008;12/08/2010
209581;12/06/2024
211679;28/01/2025
212189;12/03/2025
213053;16/05/2025
209420;23/05/2024
203737;29/10/2021
215732;23/01/2026
204450;10/03/2022
213049;15/05/2025
208029;09/11/2023
203778;08/11/2021
101692;11/10/2018
204947;21/06/2022
213032;14/05/2025
208446;24/01/2024
207311;26/07/2023
202884;06/07/2021
146107;03/10/2019
51548;03/05/2016
200138;27/08/2020
203454;20/09/2021
204906;08/06/2022
209841;15/07/2024
78989;20/02/2018
213275;05/06/2025
208455;22/01/2024
216178;25/02/2026
51549;04/05/2016
205537;19/09/2022
155465;11/11/2019
50916;31/10/2012
200572;16/10/2020
77970;09/02/2018
202163;05/02/2021
205584;22/09/2022
162770;08/01/2020
106906;18/01/2019
216301;06/03/2026
102720;19/10/2018
78987;19/02/2018
203766;05/11/2021
209544;06/06/2024
213953;29/08/2025
213167;26/05/2025
200935;17/12/2020
205353;16/08/2022
217275;29/05/2026
211928;14/02/2025
202112;27/01/2021
93402;04/07/2018
211570;20/01/2025
212814;25/04/2025
210597;18/09/2024
209067;19/04/2024
207184;10/07/2023
210314;30/08/2024
59080;13/02/2017
215356;16/12/2025
114237;26/03/2019
214974;31/10/2025
124733;26/07/2019
216865;23/04/2026
213763;30/07/2025
62234;05/05/2017
216746;09/04/2026
212193;12/03/2025
61094;22/02/2017
205263;03/08/2022
213015;13/05/2025
50149;14/09/2010
212358;25/03/2025
203305;25/08/2021
200611;22/10/2020
63257;16/05/2017
165908;06/02/2020
211290;18/12/2024
116468;06/05/2019
203859;23/11/2021
203853;19/11/2021
74807;03/01/2018
212194;12/03/2025
204330;15/02/2022
206796;24/05/2023
207088;29/06/2023
103777;08/11/2018
211830;07/02/2025
216481;20/03/2026
62173;07/04/2017
213931;11/08/2025
216497;19/03/2026
212683;14/04/2025
202841;04/07/2021
51139;03/02/2014
57026;26/12/2016
215249;03/12/2025
213791;29/07/2025
208938;02/04/2024
210321;30/08/2024
205358;16/08/2022
203922;29/11/2021
192657;12/06/2020
100636;28/09/2018
216516;02/04/2026
206947;16/06/2023
202133;01/02/2021
212853;29/04/2025
208145;29/11/2023
214381;16/09/2025
88294;16/05/2018
51344;29/05/2015
50537;08/06/2011
208271;28/12/2023
203788;09/11/2021
65339;14/06/2017
217225;28/05/2026
202757;26/06/2021
206551;26/04/2023
204607;08/04/2022
209561;10/06/2024
209623;18/06/2024
116467;06/05/2019
66371;03/07/2017
210542;16/09/2024
210322;30/08/2024
74800;03/01/2018
214580;26/09/2025
202655;01/06/2021
208989;09/04/2024
208057;16/11/2023
177193;13/03/2020
51726;28/06/2016
203087;29/07/2021
202423;30/03/2021
210325;04/09/2024
110027;22/02/2019
206138;07/02/2023
209540;06/06/2024
191622;05/06/2020
66359;23/06/2017
211196;27/11/2024
50508;06/05/2011
208284;04/01/2024
217231;28/05/2026
51085;19/08/2013
200462;07/10/2020
211582;21/01/2025
100603;17/09/2018
97536;21/08/2018
212007;20/02/2025
73790;19/12/2017
207262;18/07/2023
51550;04/05/2016
51956;11/11/2016
209253;07/05/2024
62154;27/03/2017
217676;07/07/2026
208141;29/11/2023
210295;28/08/2024
79010;26/02/2018
79021;28/02/2018
206772;23/05/2023
74799;03/01/2018
211584;22/01/2025
217046;13/05/2026
114328;09/04/2019
185442;07/05/2020
51697;06/06/2016
216364;12/03/2026
215244;04/12/2025
215344;17/12/2025
214678;10/10/2025
207075;28/06/2023
106944;31/01/2019
208660;19/02/2024
204816;24/05/2022
205093;13/07/2022
209460;28/05/2024
200564;15/10/2020
113148;22/03/2019
124719;22/07/2019
122617;27/06/2019
157525;22/11/2019
196899;23/07/2020
204678;26/04/2022
50981;05/02/2013
63289;29/05/2017
68634;16/10/2017
201090;26/01/2021
200379;29/09/2020
68646;19/10/2017
62162;30/03/2017
82188;23/04/2018
67574;27/09/2017
208059;16/11/2023
50432;10/02/2011
207997;06/11/2023
212306;19/03/2025
208370;15/01/2024
210985;31/10/2024
213755;05/08/2025
208890;21/03/2024
214069;28/08/2025
148218;16/10/2019
51012;12/03/2013
208694;26/02/2024
210186;19/08/2024
202852;04/07/2021
216735;13/04/2026
214145;03/09/2025
51287;01/12/2014
70658;26/10/2017
215893;30/01/2026
50975;31/01/2013
211397;08/01/2025
209807;08/07/2024
206674;09/05/2023
92372;22/06/2018
50078;01/09/2010
183339;13/04/2020
211146;21/11/2024
205901;07/12/2022
215688;02/02/2026
210879;16/10/2024
211177;22/11/2024
206527;14/04/2023
53997;28/11/2016
204362;17/02/2022
76899;23/01/2018
81064;19/03/2018
205163;19/07/2022
55019;12/12/2016
214481;25/09/2025
160683;09/12/2019
209112;24/04/2024
111061;07/03/2019
209553;14/06/2024
204602;07/04/2022
104825;28/11/2018
190547;26/05/2020
112103;18/03/2019
208399;17/01/2024
51031;25/04/2013
212835;28/04/2025
167931;30/01/2020
208556;02/02/2024
210348;03/09/2024
204190;26/01/2022
207293;24/07/2023
51912;25/10/2016
209092;25/04/2024
205906;08/12/2022
204750;10/05/2022
207365;01/08/2023
203777;08/11/2021
206701;12/05/2023
207906;18/10/2023
203880;24/11/2021
214552;29/09/2025
213397;17/06/2025
203162;02/08/2021
205338;12/08/2022
182331;09/04/2020
67614;06/10/2017
207086;29/06/2023
214067;25/08/2025
213900;11/08/2025
79019;28/02/2018
62201;26/04/2017
213636;25/07/2025
207862;09/10/2023
213203;29/05/2025
215587;14/01/2026
62210;27/04/2017
207683;18/09/2023
210374;04/09/2024
212816;25/04/2025
211559;17/01/2025
215933;20/02/2026
62218;02/05/2017
202379;19/03/2021
217479;03/07/2026
114274;03/04/2019
203196;10/08/2021
51551;04/05/2016
163821;15/01/2020
212742;17/04/2025
214013;19/08/2025
66361;26/06/2017
206882;07/06/2023
203733;28/10/2021
98575;05/09/2018
212222;19/03/2025
164876;21/01/2020
153430;04/11/2019
50933;30/11/2012
204434;09/03/2022
214379;18/09/2025
188521;20/05/2020
211649;27/01/2025
207558;31/08/2023
209829;10/07/2024
208496;26/01/2024
217306;08/06/2026
216703;10/04/2026
215564;12/01/2026
209240;07/05/2024
211083;13/11/2024
206979;19/06/2023
214146;28/08/2025
50844;05/09/2012
210845;15/10/2024
66424;26/07/2017
208244;22/12/2023
208758;29/02/2024
206679;11/05/2023
50223;21/09/2010
62235;05/05/2017
114337;10/04/2019
209613;18/06/2024
206577;26/04/2023
213895;14/08/2025
50410;04/01/2011
61126;20/03/2017
215572;20/01/2026
50760;29/05/2012
51330;13/04/2015
206921;14/06/2023
79004;23/02/2018
202729;22/06/2021
216939;30/04/2026
76919;29/01/2018
208964;04/04/2024
204919;28/06/2022
210971;30/10/2024
204024;20/12/2021
206394;21/03/2023
203386;08/09/2021
216276;09/03/2026
66409;19/07/2017
210797;07/10/2024
183398;24/04/2020
183401;27/04/2020
209454;27/05/2024
203399;09/09/2021
92388;27/06/2018
213723;22/08/2025
104829;30/11/2018
207277;19/07/2023
50500;28/04/2011
197998;10/08/2020
206568;24/04/2023
50772;04/06/2012
51552;04/05/2016
213329;12/06/2025
208134;28/11/2023
202620;25/05/2021
203346;30/08/2021
214401;15/09/2025
204652;18/04/2022
207497;17/08/2023
206230;16/02/2023
196883;22/07/2020
173117;28/02/2020
72773;12/12/2017
213137;22/05/2025
78997;21/02/2018
208073;17/11/2023
208633;05/03/2024
207425;09/08/2023
215839;03/02/2026
50417;19/01/2011
217234;25/05/2026
204477;16/03/2022
193682;17/06/2020
208143;29/11/2023
61084;16/02/2017
76884;19/01/2018
167945;31/01/2020
203516;27/09/2021
214887;23/10/2025
207995;03/11/2023
76938;01/02/2018
209609;17/06/2024
213488;25/06/2025
204247;09/02/2022
204003;16/12/2021
202343;05/03/2021
216532;25/03/2026
82184;23/04/2018
212515;03/04/2025
216677;08/04/2026
101690;11/10/2018
207932;24/10/2023
203914;29/11/2021
202358;10/03/2021
89301;21/05/2018
202803;26/06/2021
217376;03/07/2026
210962;29/10/2024
92365;29/06/2018
166914;29/01/2020
215724;27/01/2026
215998;13/02/2026
215842;04/02/2026
208665;20/02/2024
215931;13/02/2026
204643;14/04/2022
164883;21/01/2020
203784;16/11/2021
212556;07/04/2025
207686;18/09/2023
206983;19/06/2023
50104;08/09/2010
200192;02/09/2020
204011;17/12/2021
128791;01/08/2019
209599;13/06/2024
76885;19/01/2018
200489;09/10/2020
88296;16/05/2018
205040;04/07/2022
203302;24/08/2021
163814;15/01/2020
209011;11/04/2024
202842;29/06/2021
204956;21/06/2022
50560;28/06/2011
202847;29/06/2021
51553;04/05/2016
100587;11/09/2018
193711;24/06/2020
149272;23/10/2019
202918;08/07/2021
205226;26/07/2022
213159;26/05/2025
200679;03/11/2020
205324;10/08/2022
206445;31/03/2023
213701;25/07/2025
93403;04/07/2018
200327;23/09/2020
205564;21/09/2022
51885;10/10/2016
50150;14/09/2010
207366;01/08/2023
175172;09/03/2020
124687;12/07/2019
212310;20/03/2025
205716;19/10/2022
207334;28/07/2023
100605;17/09/2018
202522;20/04/2021
211676;28/01/2025
205775;01/11/2022
62174;10/04/2017
211302;12/12/2024
210162;15/08/2024
50375;03/11/2010
210952;25/10/2024
50536;08/06/2011
204389;24/02/2022
203011;20/07/2021
213016;13/05/2025
50224;21/09/2010
50272;27/09/2010
207065;28/06/2023
211149;19/11/2024
214763;13/10/2025
51693;03/06/2016
153426;04/11/2019
50690;16/02/2012
212911;06/05/2025
211226;29/11/2024
146130;08/10/2019
50344;07/10/2010
196905;28/07/2020
200302;17/09/2020
207603;04/09/2023
209988;26/07/2024
203755;04/11/2021
51090;26/08/2013
167974;06/02/2020
101679;09/10/2018
202316;02/03/2021
205043;05/07/2022
204848;30/05/2022
202606;21/05/2021
207025;22/06/2023
214955;30/10/2025
211696;30/01/2025
50961;17/01/2013
214316;08/09/2025
212319;25/03/2025
50983;07/02/2013
200469;07/10/2020
51173;25/03/2014
61092;17/02/2017
204961;22/06/2022
50801;07/08/2012
51158;20/02/2014
183348;16/04/2020
81048;12/03/2018
203679;25/10/2021
200676;30/10/2020
212055;24/02/2025
200868;02/12/2020
200734;11/11/2020
206400;23/03/2023
108001;13/02/2019
214418;16/09/2025
173116;26/02/2020
172063;19/02/2020
211296;11/12/2024
182319;08/04/2020
202425;30/03/2021
214791;23/10/2025
217545;30/06/2026
203821;16/11/2021
82105;04/04/2018
183390;23/04/2020
151345;30/10/2019
98566;31/08/2018
63290;29/05/2017
206556;19/04/2023
207754;26/09/2023
200861;03/12/2020
202950;12/07/2021
51554;04/05/2016
79009;26/02/2018
50979;01/02/2013
204275;04/02/2022
209929;17/07/2024
70692;06/11/2017
202371;17/03/2021
215633;19/01/2026
216282;05/03/2026
216500;20/03/2026
211378;07/01/2025
209687;25/06/2024
215855;30/01/2026
215874;30/01/2026
217174;19/05/2026
200283;15/09/2020
100632;27/09/2018
213786;05/08/2025
113156;22/03/2019
210913;21/10/2024
207057;26/06/2023
209923;16/07/2024
51555;04/05/2016
204037;23/12/2021
200568;16/10/2020
210426;05/09/2024
61120;16/03/2017
50212;17/09/2010
77967;08/02/2018
206976;21/06/2023
62228;04/05/2017
51556;05/05/2016
202826;26/06/2021
216023;19/02/2026
210421;05/09/2024
51557;05/05/2016
205037;06/07/2022
208167;11/12/2023
200119;26/08/2020
51558;05/05/2016
215518;19/01/2026
66369;03/07/2017
64331;09/06/2017
88253;10/05/2018
51802;05/09/2016
210641;20/09/2024
215926;12/02/2026
215392;05/01/2026
88254;10/05/2018
50854;18/09/2012
204714;03/05/2022
51745;14/07/2016
212512;04/04/2025
217627;06/07/2026
184438;06/05/2020
200102;25/08/2020
211829;07/02/2025
204989;04/07/2022
63294;30/05/2017
208144;29/11/2023
209953;22/07/2024
50054;30/08/2010
111068;28/03/2019
82132;10/04/2018
51909;25/10/2016
204111;11/01/2022
212958;08/05/2025
203928;30/11/2021
98561;30/08/2018
214987;02/12/2025
82092;28/03/2018
79017;28/02/2018
50572;06/07/2011
53998;28/11/2016
208112;24/11/2023
215877;30/01/2026
51743;13/07/2016
82106;04/04/2018
124723;23/07/2019
207574;29/08/2023
212737;16/04/2025
85211;02/05/2018
159647;03/12/2019
51477;02/03/2016
213248;04/06/2025
209219;03/05/2024
67573;27/09/2017
50724;25/04/2012
72761;07/12/2017
213780;29/07/2025
200079;21/08/2020
62176;12/04/2017
76932;31/01/2018
164859;17/01/2020
208701;07/03/2024
208017;07/11/2023
209642;20/06/2024
50503;03/05/2011
196854;14/07/2020
92383;26/06/2018
213937;12/08/2025
204531;25/03/2022
62239;09/05/2017
206540;28/04/2023
114336;10/04/2019
51196;26/06/2014
207901;18/10/2023
217103;13/05/2026
213533;01/07/2025
207895;18/10/2023
75851;15/01/2018
203215;13/08/2021
203515;28/09/2021
203901;25/11/2021
216339;10/03/2026
206685;12/05/2023
216699;08/04/2026
210925;22/10/2024
50714;11/04/2012
214523;02/10/2025
203677;25/10/2021
196915;27/07/2020
206663;09/05/2023
212670;11/04/2025
203175;05/08/2021
207072;28/06/2023
205606;28/09/2022
208592;06/02/2024
210205;20/08/2024
135932;27/08/2019
208898;27/03/2024
66470;16/08/2017
146136;08/10/2019
109024;20/02/2019
51838;15/09/2016
51138;03/02/2014
106870;07/01/2019
203085;29/07/2021
50134;14/09/2010
88277;14/05/2018
208847;13/03/2024
211941;17/02/2025
51895;13/10/2016
202320;02/03/2021
205188;20/07/2022
204310;11/02/2022
131806;05/08/2019
204285;08/02/2022
210804;08/10/2024
210296;28/08/2024
111049;28/02/2019
208798;07/03/2024
186509;18/05/2020
207599;01/09/2023
203678;25/10/2021
50556;20/06/2011
215805;26/01/2026
202418;31/03/2021
82141;11/04/2018
213145;23/05/2025
66498;29/08/2017
159616;02/12/2019
164894;22/01/2020
213901;19/08/2025
203879;23/11/2021
207418;08/08/2023
204508;23/03/2022
214335;11/09/2025
81049;12/03/2018
215546;13/01/2026
215800;27/01/2026
213615;11/07/2025
204692;29/04/2022
183418;28/04/2020
82171;17/04/2018
147157;09/10/2019
100586;11/09/2018
67623;11/10/2017
212394;27/03/2025
202493;13/04/2021
51153;17/02/2014
206253;27/02/2023
193700;22/06/2020
202977;14/07/2021
75842;11/01/2018
207020;20/06/2023
51559;05/05/2016
51412;21/10/2015
202750;26/06/2021
50126;09/09/2010
133905;21/08/2019
214893;27/10/2025
201092;05/02/2021
202796;26/06/2021
206931;14/06/2023
206606;02/05/2023
95477;01/08/2018
213211;29/05/2025
183395;24/04/2020
214486;26/09/2025
215258;09/12/2025
88264;11/05/2018
206123;31/01/2023
62224;03/05/2017
51334;13/04/2015
214155;29/08/2025
206474;06/04/2023
50146;14/09/2010
216767;13/04/2026
82154;16/04/2018
98556;29/08/2018
76894;22/01/2018
202921;08/07/2021
51561;05/05/2016
72767;11/12/2017
207225;13/07/2023
51560;05/05/2016
104781;09/11/2018
210635;20/09/2024
209017;12/04/2024
140055;17/09/2019
205337;12/08/2022
213954;14/08/2025
215325;30/01/2026
203003;16/07/2021
212455;31/03/2025
200287;07/12/2020
200321;21/09/2020
210693;30/09/2024
204043;29/12/2021
70654;25/10/2017
202179;08/02/2021
213044;15/05/2025
50374;03/11/2010
51456;11/02/2016
50932;28/11/2012
148199;14/10/2019
207741;22/09/2023
70690;06/11/2017
210870;15/10/2024
90317;30/05/2018
51136;31/01/2014
200571;16/10/2020
119503;20/05/2019
200078;20/08/2020
211942;17/02/2025
50519;25/05/2011
201079;20/01/2021
51898;17/10/2016
192652;11/06/2020
70728;24/11/2017
50607;28/07/2011
215037;07/11/2025
211232;02/12/2024
113166;25/03/2019
214144;28/08/2025
188525;20/05/2020
211693;29/01/2025
213411;20/06/2025
204818;24/05/2022
200092;21/08/2020
50651;09/11/2011
213052;15/05/2025
65343;19/06/2017
212978;09/05/2025
114346;11/04/2019
208549;02/02/2024
205742;24/10/2022
214117;29/08/2025
210298;29/08/2024
50512;16/05/2011
214661;02/10/2025
83190;24/04/2018
210006;26/07/2024
209118;25/04/2024
205491;09/09/2022
209220;03/05/2024
202217;17/02/2021
217126;28/05/2026
212251;19/03/2025
205454;02/09/2022
211417;09/01/2025
211926;14/02/2025
206981;19/06/2023
66517;05/09/2017
204634;14/04/2022
100602;13/09/2018
212409;27/03/2025
207853;06/10/2023
79035;05/03/2018
200496;13/10/2020
214177;29/08/2025
212637;10/04/2025
215364;22/12/2025
216459;25/03/2026
212359;25/03/2025
101683;10/10/2018
206499;11/04/2023
208214;13/12/2023
112099;14/03/2019
62194;25/04/2017
114180;25/03/2019
203098;30/07/2021
216008;11/02/2026
208698;23/02/2024
203950;06/12/2021
203481;22/09/2021
210865;21/10/2024
51562;05/05/2016
216387;08/04/2026
214781;06/11/2025
211989;20/02/2025
67632;16/10/2017
50634;19/09/2011
50904;24/10/2012
50073;31/08/2010
212077;25/02/2025
51050;24/05/2013
203310;24/08/2021
212665;11/04/2025
214957;27/10/2025
208807;12/03/2024
205097;13/07/2022
192634;10/06/2020
66522;06/09/2017
169012;13/02/2020
70740;28/11/2017
51690;02/06/2016
203924;29/11/2021
50751;17/05/2012
50678;01/02/2012
208391;16/01/2024
202579;13/05/2021
51700;07/06/2016
122625;28/06/2019
202544;27/04/2021
214034;20/08/2025
202293;02/03/2021
142068;23/09/2019
74805;03/01/2018
50526;27/05/2011
51236;23/09/2014
123647;03/07/2019
205208;22/07/2022
200906;08/12/2020
51210;10/07/2014
203237;16/08/2021
202853;04/07/2021
213850;12/08/2025
51563;05/05/2016
51308;11/03/2015
211517;15/01/2025
215634;26/01/2026
75868;17/01/2018
212855;30/04/2025
210008;26/07/2024
208282;04/01/2024
206080;18/01/2023
214064;21/08/2025
215814;27/01/2026
215955;05/02/2026
205780;03/11/2022
217214;25/05/2026
212352;25/03/2025
209587;12/06/2024
216911;29/04/2026
210664;24/09/2024
208648;21/02/2024
209195;02/05/2024
217643;02/07/2026
214217;02/09/2025
217032;07/05/2026
51423;05/11/2015
216330;06/03/2026
50944;08/01/2013
50211;17/09/2010
205598;27/09/2022
217597;30/06/2026
214257;11/09/2025
210229;23/08/2024
67591;29/09/2017
215562;15/01/2026
210801;08/10/2024
50356;07/10/2010
206730;16/05/2023
190566;28/05/2020
92367;21/06/2018
200061;19/08/2020
213388;16/06/2025
166926;30/01/2020
158556;26/11/2019
50393;01/12/2010
206399;23/03/2023
207633;06/09/2023
51943;04/11/2016
122612;25/06/2019
211221;29/11/2024
51199;02/07/2014
216024;19/02/2026
213106;21/05/2025
82094;29/03/2018
66392;12/07/2017
50297;28/09/2010
208352;12/01/2024
216311;05/03/2026
214563;24/09/2025
50133;14/09/2010
210055;31/07/2024
216643;31/03/2026
214048;27/08/2025
141057;18/09/2019
203825;17/11/2021
51923;27/10/2016
203384;08/09/2021
209575;11/06/2024
206855;02/06/2023
51931;28/10/2016
215200;03/12/2025
188515;19/05/2020
51701;07/06/2016
215956;12/02/2026
200403;30/09/2020
213445;23/06/2025
202935;09/07/2021
82167;16/04/2018
208419;18/01/2024
205414;29/08/2022
209592;13/06/2024
212284;19/03/2025
206895;07/06/2023
213798;04/08/2025
204091;10/01/2022
67612;05/10/2017
207770;27/09/2023
201093;21/01/2021
204085;07/01/2022
215125;18/11/2025
214203;03/09/2025
205641;06/10/2022
205008;01/07/2022
205633;06/10/2022
202567;10/05/2021
216468;19/03/2026
216332;09/03/2026
205805;10/11/2022
51409;16/10/2015
209941;18/07/2024
209808;08/07/2024
205982;03/01/2023
215391;05/01/2026
192661;15/06/2020
153437;06/11/2019
128793;01/08/2019
207750;25/09/2023
51881;03/10/2016
211203;27/11/2024
205896;07/12/2022
189544;26/05/2020
209014;12/04/2024
102722;19/10/2018
104819;26/11/2018
115439;26/04/2019
50311;29/09/2010
192671;16/06/2020
202761;26/06/2021
50470;28/03/2011
62184;19/04/2017
117481;10/05/2019
104833;04/12/2018
205859;28/11/2022
75867;17/01/2018
68641;18/10/2017
208756;29/02/2024
213538;14/08/2025
213955;14/08/2025
215302;16/12/2025
213000;12/05/2025
211216;28/11/2024
206870;05/06/2023
213476;25/06/2025
160666;05/12/2019
62236;05/05/2017
213293;09/06/2025
209360;17/05/2024
63275;23/05/2017
207189;10/07/2023
208704;26/02/2024
183373;20/04/2020
55015;12/12/2016
167949;03/02/2020
211993;20/02/2025
203259;18/08/2021
50965;21/01/2013
203716;27/10/2021
215450;30/12/2025
50139;14/09/2010
206849;31/05/2023
196825;09/07/2020
202374;18/03/2021
213747;28/07/2025
214518;25/09/2025
206526;14/04/2023
209362;21/05/2024
216798;11/05/2026
205486;09/09/2022
216028;13/02/2026
214416;18/09/2025
51564;05/05/2016
119501;20/05/2019
51296;06/02/2015
185447;07/05/2020
82147;12/04/2018
209905;15/07/2024
200476;09/10/2020
76901;23/01/2018
50857;18/09/2012
50815;17/08/2012
50642;29/09/2011
51106;23/10/2013
208907;26/03/2024
202807;26/06/2021
215676;28/01/2026
98553;28/08/2018
207966;01/11/2023
205377;19/08/2022
206090;19/01/2023
50248;22/09/2010
202545;28/04/2021
190590;02/06/2020
104809;21/11/2018
124705;18/07/2019
103759;31/10/2018
183400;24/04/2020
203347;30/08/2021
215424;30/12/2025
137957;30/08/2019
51741;12/07/2016
215437;23/12/2025
50563;28/06/2011
205996;06/01/2023
204931;13/06/2022
207835;04/10/2023
215129;21/11/2025
115425;23/04/2019
100616;18/09/2018
215626;13/02/2026
213789;07/08/2025
215395;06/01/2026
216111;20/02/2026
206405;24/03/2023
208388;16/01/2024
213010;13/05/2025
205719;19/10/2022
212250;19/03/2025
215920;20/02/2026
213807;01/08/2025
215349;17/12/2025
139002;04/09/2019
205405;29/08/2022
208235;19/12/2023
209522;04/06/2024
214479;25/09/2025
149274;24/10/2019
202963;13/07/2021
216733;09/04/2026
51430;09/12/2015
200051;19/08/2020
50357;07/10/2010
204858;31/05/2022
196960;05/08/2020
204528;25/03/2022
50994;19/02/2013
106922;22/01/2019
106925;22/01/2019
61080;16/02/2017
200220;08/09/2020
51753;01/08/2016
82163;16/04/2018
103778;08/11/2018
133899;20/08/2019
217045;18/05/2026
206960;16/06/2023
206045;12/01/2023
216945;04/05/2026
202150;04/02/2021
62187;19/04/2017
217154;28/05/2026
116473;07/05/2019
196831;13/07/2020
215038;12/11/2025
208040;13/11/2023
213277;06/06/2025
210211;20/08/2024
206861;07/06/2023
51494;07/04/2016
203964;08/12/2021
209723;27/06/2024
216055;11/02/2026
85209;03/05/2018
156479;14/11/2019
203863;23/11/2021
217288;01/06/2026
137947;04/09/2019
217567;26/06/2026
212837;29/04/2025
204077;06/01/2022
211621;24/01/2025
205062;07/07/2022
204405;04/03/2022
169007;13/02/2020
123642;05/07/2019
203439;16/09/2021
203548;29/09/2021
215691;28/01/2026
51358;22/07/2015
190564;28/05/2020
50903;24/10/2012
217673;10/07/2026
206481;06/04/2023
200974;23/12/2020
217463;17/06/2026
208830;12/03/2024
208470;23/01/2024
200682;03/11/2020
208099;22/11/2023
205225;26/07/2022
51035;03/05/2013
153417;04/11/2019
216125;20/02/2026
62211;27/04/2017
209818;09/07/2024
211685;29/01/2025
76881;19/01/2018
183336;13/04/2020
206517;13/04/2023
96501;10/08/2018
165907;27/01/2020
109003;14/02/2019
51759;09/08/2016
50546;14/06/2011
50436;21/02/2011
203637;18/10/2021
51566;06/05/2016
212792;24/04/2025
101710;16/10/2018
215003;10/11/2025
207845;05/10/2023
212206;13/03/2025
213058;16/05/2025
207908;19/10/2023
207922;23/10/2023
211370;09/01/2025
215610;02/02/2026
209590;13/06/2024
212398;27/03/2025
203188;10/08/2021
58069;06/02/2017
207258;18/07/2023
72768;11/12/2017
202860;04/07/2021
208848;14/03/2024
208610;07/02/2024
162767;24/01/2020
211178;22/11/2024
207662;13/09/2023
201049;14/01/2021
68639;18/10/2017
182321;08/04/2020
51565;06/05/2016
212387;01/04/2025
206536;17/04/2023
212203;13/03/2025
214555;26/09/2025
50092;02/09/2010
208349;12/01/2024
217218;22/05/2026
200281;15/09/2020
203368;02/09/2021
81042;09/03/2018
216915;30/04/2026
216163;10/03/2026
214642;01/10/2025
211531;15/01/2025
51131;15/01/2014
204879;06/06/2022
205989;11/01/2023
217493;02/07/2026
200656;27/10/2020
210587;17/09/2024
210334;03/09/2024
215039;12/11/2025
211825;06/02/2025
212191;12/03/2025
200289;15/09/2020
215308;09/12/2025
50385;16/11/2010
215465;09/01/2026
89311;24/05/2018
122615;26/06/2019
206382;20/03/2023
207248;17/07/2023
208995;09/04/2024
202899;08/07/2021
213635;25/07/2025
51567;06/05/2016
51482;11/03/2016
209020;12/04/2024
50805;10/08/2012
212188;12/03/2025
203180;06/08/2021
203241;17/08/2021
200187;01/09/2020
202743;26/06/2021
82170;16/04/2018
206005;06/01/2023
82101;02/04/2018
212045;24/02/2025
204168;19/01/2022
50416;19/01/2011
149281;24/10/2019
213166;26/05/2025
215068;12/11/2025
70708;16/11/2017
202580;17/05/2021
57061;31/01/2017
203002;16/07/2021
50395;03/12/2010
70701;13/11/2017
66370;03/07/2017
50935;30/11/2012
113155;22/03/2019
50580;27/07/2011
210799;07/10/2024
208971;16/04/2024
207617;04/09/2023
186501;15/05/2020
204967;24/06/2022
215710;26/01/2026
66508;01/09/2017
208901;25/03/2024
211469;14/01/2025
205496;12/09/2022
205490;09/09/2022
205281;05/08/2022
209572;11/06/2024
213170;26/05/2025
214788;15/10/2025
205004;04/07/2022
216605;27/03/2026
212974;09/05/2025
63307;01/06/2017
191615;04/06/2020
160699;13/12/2019
212068;25/02/2025
216916;04/05/2026
214913;05/11/2025
205948;19/12/2022
211185;25/11/2024
50314;29/09/2010
217053;13/05/2026
50523;26/05/2011
216057;26/02/2026
211033;07/11/2024
119493;16/05/2019
217022;08/05/2026
50151;15/09/2010
202965;13/07/2021
63272;22/05/2017
209023;12/04/2024
206146;02/02/2023
215662;03/02/2026
214578;06/10/2025
152379;01/11/2019
82139;10/04/2018
212807;25/04/2025
217370;08/06/2026
216218;04/03/2026
192672;16/06/2020
205412;29/08/2022
51244;17/10/2014
215938;20/02/2026
214803;23/10/2025
210371;04/09/2024
206877;12/06/2023
216410;17/03/2026
212684;14/04/2025
158560;26/11/2019
51568;06/05/2016
213273;05/06/2025
214511;23/09/2025
207367;01/08/2023
212116;06/03/2025
51356;01/07/2015
214960;30/10/2025
185441;07/05/2020
206693;12/05/2023
216411;17/03/2026
202607;20/05/2021
100627;25/09/2018
123669;10/07/2019
216085;23/02/2026
205482;08/09/2022
215053;13/11/2025
50804;08/08/2012
200985;04/01/2021
51986;22/11/2016
173128;02/03/2020
208919;27/03/2024
50101;08/09/2010
117477;10/05/2019
207708;21/09/2023
51569;06/05/2016
66468;16/08/2017
202366;15/03/2021
209915;16/07/2024
208296;05/01/2024
208441;19/01/2024
204547;29/03/2022
139009;05/09/2019
208258;26/12/2023
51338;29/04/2015
51198;26/06/2014
200491;09/10/2020
208046;14/11/2023
214965;13/11/2025
114315;08/04/2019
90323;04/06/2018
216682;14/04/2026
205344;17/08/2022
91336;08/06/2018
213926;14/08/2025
205640;06/10/2022
157520;21/11/2019
196909;27/07/2020
216235;03/03/2026
150322;29/10/2019
211465;13/01/2025
215563;15/01/2026
207911;19/10/2023
210960;28/10/2024
203823;16/11/2021
203436;15/09/2021
214583;26/09/2025
51475;25/02/2016
177192;13/03/2020
200698;05/11/2020
214989;05/11/2025
208747;29/02/2024
51355;30/06/2015
209163;29/04/2024
205865;30/11/2022
61089;17/02/2017
206096;27/01/2023
50803;07/08/2012
200735;11/11/2020
212185;13/03/2025
79031;02/03/2018
210227;23/08/2024
214839;28/10/2025
202689;14/06/2021
216402;17/03/2026
208238;20/12/2023
209591;12/06/2024
202851;04/07/2021
202214;17/02/2021
51339;14/05/2015
88275;14/05/2018
207913;19/10/2023
202800;26/06/2021
67564;26/09/2017
202780;26/06/2021
212547;04/04/2025
196840;13/07/2020
203406;10/09/2021
211381;07/01/2025
162766;06/01/2020
211025;06/11/2024
215046;12/11/2025
210552;16/09/2024
208930;10/04/2024
213283;09/06/2025
203281;19/08/2021
122576;13/06/2019
51867;27/09/2016
206128;31/01/2023
213452;24/06/2025
212260;17/03/2025
202840;04/07/2021
208431;18/01/2024
216017;20/02/2026
209946;19/07/2024
196953;28/09/2020
211514;15/01/2025
51061;17/06/2013
204556;31/03/2022
204649;14/04/2022
215000;04/11/2025
214962;31/10/2025
204318;15/02/2022
213633;25/07/2025
208127;28/11/2023
206595;28/04/2023
50984;07/02/2013
207595;01/09/2023
112101;14/03/2019
202289;01/03/2021
195792;06/07/2020
211587;22/01/2025
212469;31/03/2025
51040;15/05/2013
114169;26/03/2019
203921;29/11/2021
211753;03/02/2025
51901;18/10/2016
63261;17/05/2017
55010;06/12/2016
205844;23/11/2022
204572;04/04/2022
212401;27/03/2025
207928;24/10/2023
207491;28/08/2023
205864;29/11/2022
208998;10/04/2024
96504;10/08/2018
200064;19/08/2020
206363;15/03/2023
204946;21/06/2022
100660;05/10/2018
157499;18/11/2019
215281;09/12/2025
208510;29/01/2024
50170;16/09/2010
51489;22/03/2016
209944;19/07/2024
51149;07/02/2014
81046;09/03/2018
206803;25/05/2023
205737;24/10/2022
76947;05/02/2018
215763;03/02/2026
203910;26/11/2021
214664;09/10/2025
205545;20/09/2022
215056;11/11/2025
200068;19/08/2020
100619;19/09/2018
104821;27/11/2018
205797;08/11/2022
207306;26/07/2023
211074;13/11/2024
203326;25/08/2021
207526;21/08/2023
119510;21/05/2019
205886;05/12/2022
200746;12/11/2020
95472;30/07/2018
66505;31/08/2017
51135;29/01/2014
216654;28/04/2026
214561;26/09/2025
203638;18/10/2021
51228;08/09/2014
211258;23/12/2024
214282;09/09/2025
215286;05/12/2025
214132;27/08/2025
207160;06/07/2023
62231;05/05/2017
205159;19/07/2022
208956;04/04/2024
51829;13/09/2016
211430;10/01/2025
208198;11/12/2023
203552;30/09/2021
203248;17/08/2021
212542;04/04/2025
50871;21/09/2012
213714;20/08/2025
74810;04/01/2018
204576;04/04/2022
207400;04/08/2023
66443;01/08/2017
50289;28/09/2010
217420;16/06/2026
162773;08/01/2020
98574;05/09/2018
51570;06/05/2016
208883;21/03/2024
123664;05/07/2019
212812;25/04/2025
94459;24/07/2018
209990;25/07/2024
200630;23/10/2020
99582;10/09/2018
213543;01/07/2025
200716;09/11/2020
51890;11/10/2016
204158;18/01/2022
205869;29/11/2022
62177;12/04/2017
51734;04/07/2016
206035;11/01/2023
200339;24/09/2020
151352;31/10/2019
210555;17/09/2024
51367;30/07/2015
209871;15/07/2024
106899;16/01/2019
163851;16/01/2020
204004;16/12/2021
203605;08/10/2021
217445;17/06/2026
207504;18/08/2023
96498;09/08/2018
72753;06/12/2017
203942;03/12/2021
215485;12/01/2026
202887;06/07/2021
210823;09/10/2024
200089;21/08/2020
205812;17/11/2022
208109;23/11/2023
210978;30/10/2024
209956;22/07/2024
106939;29/01/2019
200498;15/10/2020
196902;24/07/2020
215812;27/01/2026
209340;17/05/2024
203200;10/08/2021
207110;30/06/2023
205348;15/08/2022
107968;05/02/2019
209707;27/06/2024
203165;03/08/2021
203318;25/08/2021
213367;16/06/2025
200729;10/11/2020
208663;19/02/2024
62179;12/04/2017
210111;07/08/2024
211182;25/11/2024
208225;19/12/2023
212411;28/03/2025
185463;11/05/2020
160693;11/12/2019
50447;14/03/2011
196924;28/07/2020
208428;18/01/2024
202898;06/07/2021
50009;12/08/2010
209329;15/05/2024
50162;15/09/2010
50649;28/10/2011
50549;14/06/2011
209982;24/07/2024
213463;25/06/2025
51237;25/09/2014
65345;19/06/2017
215619;20/01/2026
204903;08/06/2022
206501;12/04/2023
215289;09/12/2025
50380;04/11/2010
77965;08/02/2018
213801;04/08/2025
202124;29/01/2021
64317;05/06/2017
185459;14/05/2020
202990;15/07/2021
67561;25/09/2017
209181;30/04/2024
200360;28/09/2020
62206;26/04/2017
50836;24/08/2012
148228;17/10/2019
200741;12/11/2020
101689;11/10/2018
100596;13/09/2018
205349;15/08/2022
215657;27/01/2026
202670;08/06/2021
212782;22/04/2025
123659;04/07/2019
203007;19/07/2021
182313;07/04/2020
212332;21/03/2025
214184;04/09/2025
167933;30/01/2020
205206;21/07/2022
202659;01/06/2021
206048;13/01/2023
203882;24/11/2021
51432;04/01/2016
50117;08/09/2010
94452;23/07/2018
66378;06/07/2017
202895;06/07/2021
126769;30/07/2019
204948;20/06/2022
210308;29/08/2024
50110;08/09/2010
202914;07/07/2021
149279;10/12/2019
208315;09/01/2024
203351;30/08/2021
207119;03/07/2023
205929;12/12/2022
212574;07/04/2025
216659;10/04/2026
51571;06/05/2016
214442;18/09/2025
208314;09/01/2024
212126;07/03/2025
103760;31/10/2018
58072;08/02/2017
50041;20/08/2010
208638;15/02/2024
205483;08/09/2022
50617;29/08/2011
203037;21/07/2021
121545;30/05/2019
206677;10/05/2023
215534;15/01/2026
202541;27/04/2021
206103;24/01/2023
203519;27/09/2021
67543;20/09/2017
205733;21/10/2022
209828;10/07/2024
71747;04/12/2017
88260;10/05/2018
85214;02/05/2018
51018;26/03/2013
200443;06/10/2020
215821;03/02/2026
50161;15/09/2010
208044;13/11/2023
153414;04/11/2019
214175;04/09/2025
139030;10/09/2019
216091;18/02/2026
202373;18/03/2021
215493;29/01/2026
51143;05/02/2014
208171;05/12/2023
51928;28/10/2016
140041;16/09/2019
50705;28/03/2012
214374;16/09/2025
200858;01/12/2020
173142;03/03/2020
214627;30/09/2025
203250;17/08/2021
196816;09/07/2020
208189;07/12/2023
196878;20/07/2020
216260;04/03/2026
82183;23/04/2018
212475;31/03/2025
203474;21/09/2021
214370;12/09/2025
214746;14/10/2025
214317;09/09/2025
201103;26/01/2021
161716;18/12/2019
66488;24/08/2017
205958;20/12/2022
208999;10/04/2024
51978;18/11/2016
104796;12/11/2018
175164;05/03/2020
215387;19/12/2025
207324;27/07/2023
203328;27/08/2021
50486;14/04/2011
50308;29/09/2010
70682;01/11/2017
203503;24/09/2021
74802;03/01/2018
213836;05/08/2025
66485;24/08/2017
214223;03/09/2025
131814;06/08/2019
212327;21/03/2025
204805;23/05/2022
206640;04/05/2023
75872;18/01/2018
203667;20/10/2021
213270;05/06/2025
214853;23/10/2025
104835;05/12/2018
148198;14/10/2019
207452;10/08/2023
209811;08/07/2024
79022;28/02/2018
209382;21/05/2024
216194;04/03/2026
208609;07/02/2024
209786;04/07/2024
205465;05/09/2022
216158;25/02/2026
203795;12/11/2021
206562;20/04/2023
208523;29/01/2024
213975;13/08/2025
213179;27/05/2025
211030;07/11/2024
212276;18/03/2025
211471;03/02/2025
208051;14/11/2023
215449;30/12/2025
90330;05/06/2018
208106;23/11/2023
212058;24/02/2025
210268;29/08/2024
211900;12/02/2025
213341;12/06/2025
217496;19/06/2026
216237;03/03/2026
214044;19/08/2025
212488;02/04/2025
216377;12/03/2026
200168;27/08/2020
206429;29/03/2023
216290;05/03/2026
149280;24/10/2019
211687;29/01/2025
215714;21/01/2026
202954;13/07/2021
213184;28/05/2025
213778;28/07/2025
215602;20/01/2026
213197;28/05/2025
204478;16/03/2022
205669;13/10/2022
51930;28/10/2016
204673;26/04/2022
207066;27/06/2023
209352;17/05/2024
211467;13/01/2025
200500;13/10/2020
207701;20/09/2023
206736;17/05/2023
211064;13/11/2024
209443;27/05/2024
199037;10/07/2017
66384;10/07/2017
59082;13/02/2017
213355;13/06/2025
50320;29/09/2010
204865;02/06/2022
62193;25/04/2017
211836;10/02/2025
208476;23/01/2024
211874;11/02/2025
215206;03/12/2025
57054;23/01/2017
215177;28/11/2025
204001;15/12/2021
217180;05/06/2026
213331;12/06/2025
202499;14/04/2021
211281;10/12/2024
211283;10/12/2024
51320;01/04/2015
102731;22/10/2018
213245;02/06/2025
206142;08/02/2023
70669;30/10/2017
205408;26/08/2022
211729;31/01/2025
57042;16/01/2017
214494;25/09/2025
121567;11/06/2019
211015;11/11/2024
51937;01/11/2016
214830;23/10/2025
208983;08/04/2024
50005;12/08/2010
51167;18/03/2014
51194;26/06/2014
215616;20/01/2026
50350;07/10/2010
210859;15/10/2024
77972;09/02/2018
207018;20/06/2023
209434;27/05/2024
214728;20/10/2025
216370;12/03/2026
213272;05/06/2025
51744;13/07/2016
216728;09/04/2026
132853;09/08/2019
209310;14/05/2024
216286;05/03/2026
209224;03/05/2024
200839;26/11/2020
209304;13/05/2024
206865;05/06/2023
216891;24/04/2026
206226;27/02/2023
205690;13/10/2022
210632;20/09/2024
212043;20/02/2025
206509;18/04/2023
215991;06/02/2026
209314;14/05/2024
210358;03/09/2024
203906;26/11/2021
212076;25/02/2025
204171;21/01/2022
119509;21/05/2019
96516;15/08/2018
205569;21/09/2022
205530;16/09/2022
208833;14/03/2024
210849;15/10/2024
75847;12/01/2018
96500;10/08/2018
82074;21/03/2018
204467;11/03/2022
121554;04/06/2019
217160;19/05/2026
200194;02/09/2020
201060;18/01/2021
214032;19/08/2025
212946;07/05/2025
217276;28/05/2026
61116;13/03/2017
202460;07/04/2021
215972;06/02/2026
208894;21/03/2024
210769;02/10/2024
213757;05/08/2025
209055;18/04/2024
106923;22/01/2019
67566;26/09/2017
145102;02/10/2019
206341;13/03/2023
195781;03/07/2020
208080;21/11/2023
203521;27/09/2021
205224;26/07/2022
212623;09/04/2025
214701;30/10/2025
215092;18/11/2025
205801;09/11/2022
98546;24/08/2018
207972;01/11/2023
209647;20/06/2024
51259;10/11/2014
80038;06/03/2018
210168;15/08/2024
207376;02/08/2023
51229;08/09/2014
50165;15/09/2010
182316;08/04/2020
148266;22/10/2019
62163;30/03/2017
213973;14/08/2025
213996;22/08/2025
202948;12/07/2021
100617;18/09/2018
54007;02/12/2016
206908;12/06/2023
211549;17/01/2025
51725;27/06/2016
210655;23/09/2024
205445;01/09/2022
211668;29/01/2025
204154;17/01/2022
216496;19/03/2026
216592;07/04/2026
215492;06/01/2026
208085;22/11/2023
206124;31/01/2023
211547;17/01/2025
59078;13/02/2017
204950;20/06/2022
202610;20/05/2021
66482;23/08/2017
200390;29/09/2020
209151;29/04/2024
50439;01/03/2011
50999;25/02/2013
101696;11/10/2018
213422;20/06/2025
96499;10/08/2018
51774;26/08/2016
81058;19/03/2018
63265;18/05/2017
208069;27/11/2023
203611;08/10/2021
203575;05/10/2021
203576;05/10/2021
217502;22/06/2026
139001;04/09/2019
188532;21/05/2020
200041;18/08/2020
211334;23/12/2024
206320;08/03/2023
208118;24/11/2023
51026;11/04/2013
208563;05/02/2024
114288;03/04/2019
186511;18/05/2020
215216;03/12/2025
209341;16/05/2024
66425;26/07/2017
217416;15/06/2026
117483;10/05/2019
204309;11/02/2022
212592;09/04/2025
213295;09/06/2025
213867;04/09/2025
206904;13/06/2023
202732;22/06/2021
209500;31/05/2024
106934;28/01/2019
145088;02/10/2019
203029;20/07/2021
82120;30/05/2018
51574;09/05/2016
206053;13/01/2023
214543;26/09/2025
51696;06/06/2016
74797;29/12/2017
204674;26/04/2022
145101;02/10/2019
205183;20/07/2022
207410;07/08/2023
51708;07/06/2016
207039;22/06/2023
208479;24/01/2024
216922;29/04/2026
51306;09/03/2015
200358;28/09/2020
173123;28/02/2020
50163;15/09/2010
152365;31/10/2019
204451;10/03/2022
50164;15/09/2010
208781;05/03/2024
211569;21/01/2025
209744;28/06/2024
50778;19/06/2012
196874;17/07/2020
161728;23/12/2019
208174;06/12/2023
169014;13/02/2020
148253;21/10/2019
51575;09/05/2016
50845;05/09/2012
211682;28/01/2025
203073;27/07/2021
148244;21/10/2019
216226;02/03/2026
50428;08/02/2011
200132;27/08/2020
147187;11/10/2019
208318;09/01/2024
111066;22/03/2019
200898;07/12/2020
212847;29/04/2025
209010;11/04/2024
207792;29/09/2023
208153;30/11/2023
208473;23/01/2024
109013;18/02/2019
202911;07/07/2021
209672;24/06/2024
204840;27/05/2022
216238;05/03/2026
51450;04/02/2016
89294;18/05/2018
205243;29/07/2022
212907;06/05/2025
214222;03/09/2025
202984;15/07/2021
196965;06/08/2020
217026;08/05/2026
150338;29/10/2019
217049;12/05/2026
211389;07/01/2025
63291;29/05/2017
205821;22/11/2022
207625;05/09/2023
209218;03/05/2024
204081;07/01/2022
217718;13/07/2026
213958;13/08/2025
211255;05/12/2024
211036;07/11/2024
202955;13/07/2021
215977;09/03/2026
206830;30/05/2023
209098;24/04/2024
202131;31/01/2021
204869;02/06/2022
207109;03/07/2023
207815;02/10/2023
211884;11/02/2025
212453;31/03/2025
204369;21/02/2022
200548;15/10/2020
205588;23/09/2022
212489;02/04/2025
217204;25/05/2026
200478;08/10/2020
210851;14/10/2024
147186;11/10/2019
78973;15/02/2018
202197;12/02/2021
161732;26/12/2019
145090;04/10/2019
215453;30/12/2025
202273;24/02/2021
51576;09/05/2016
206655;08/05/2023
213769;24/07/2025
209731;28/06/2024
207666;13/09/2023
211982;19/02/2025
205810;11/11/2022
211006;05/11/2024
206566;24/04/2023
207023;21/06/2023
204518;24/03/2022
211723;31/01/2025
204823;26/05/2022
215507;12/01/2026
216509;20/03/2026
78972;14/02/2018
144081;30/09/2019
66432;27/07/2017
177221;16/03/2020
204307;10/02/2022
200160;27/08/2020
204801;20/05/2022
138995;04/09/2019
184436;03/09/2020
146145;08/10/2019
214759;30/10/2025
183337;13/04/2020
207450;10/08/2023
197980;10/08/2020
209831;12/07/2024
206023;11/01/2023
206393;23/03/2023
216696;08/04/2026
51577;09/05/2016
132872;13/08/2019
204098;12/01/2022
104830;03/12/2018
104834;05/12/2018
209156;29/04/2024
75874;18/01/2018
137976;04/09/2019
217313;02/06/2026
216844;22/04/2026
202511;16/04/2021
79028;02/03/2018
211631;24/01/2025
204230;31/01/2022
96490;06/08/2018
216877;30/04/2026
52989;23/11/2016
51742;12/07/2016
203978;09/12/2021
216365;11/03/2026
213090;20/05/2025
209442;27/05/2024
212691;14/04/2025
200562;15/10/2020
203931;03/12/2021
210367;04/09/2024
211939;17/02/2025
193712;24/06/2020
206428;29/03/2023
214005;18/08/2025
109014;19/02/2019
89310;24/05/2018
209325;15/05/2024
203792;10/11/2021
202880;05/07/2021
93443;16/07/2018
214362;10/09/2025
202402;24/03/2021
216231;02/03/2026
214251;04/09/2025
66461;14/08/2017
216267;04/03/2026
212144;10/03/2025
114324;08/04/2019
192631;09/06/2020
209142;26/04/2024
157516;21/11/2019
63277;24/05/2017
210323;02/09/2024
209513;05/06/2024
61099;22/02/2017
196917;27/07/2020
51580;09/05/2016
142071;23/09/2019
215929;13/02/2026
82093;29/03/2018
203890;25/11/2021
62199;26/04/2017
203983;13/12/2021
215131;03/12/2025
215588;26/01/2026
208751;29/02/2024
124718;24/07/2019
51578;09/05/2016
206889;07/06/2023
152398;01/11/2019
216347;11/03/2026
212598;11/04/2025
211356;06/01/2025
162771;07/01/2020
207579;30/08/2023
211107;18/11/2024
207321;27/07/2023
182312;07/04/2020
50489;19/04/2011
210042;31/07/2024
216307;05/03/2026
215345;17/12/2025
217571;03/07/2026
104783;09/11/2018
216337;09/03/2026
209615;18/06/2024
212132;07/03/2025
211444;10/01/2025
207696;19/09/2023
70653;24/10/2017
210500;19/09/2024
207879;11/10/2023
211321;18/12/2024
200052;19/08/2020
211839;10/02/2025
196954;03/08/2020
106842;17/12/2018
66466;16/08/2017
200529;14/10/2020
204105;10/01/2022
78995;21/02/2018
50226;21/09/2010
157523;21/11/2019
207993;03/11/2023
50482;07/04/2011
207259;18/07/2023
202249;22/02/2021
104820;27/11/2018
207698;20/09/2023
206750;19/05/2023
82081;27/03/2018
210088;05/08/2024
208917;27/03/2024
51796;01/09/2016
214491;06/10/2025
204064;05/01/2022
50264;27/09/2010
212715;24/04/2025
209910;15/07/2024
208918;27/03/2024
205158;19/07/2022
175173;06/03/2020
204953;21/06/2022
200915;10/12/2020
212721;16/04/2025
172053;19/02/2020
203985;16/12/2021
196863;14/07/2020
202986;15/07/2021
208677;22/02/2024
209952;22/07/2024
210775;03/10/2024
216537;25/03/2026
70681;01/11/2017
217632;10/07/2026
209579;12/06/2024
211978;21/02/2025
63313;02/06/2017
206255;01/03/2023
217281;29/05/2026
113151;22/03/2019
215210;04/12/2025
211154;19/11/2024
207069;28/06/2023
214857;17/10/2025
208800;07/03/2024
207540;23/08/2023
207257;18/07/2023
50628;14/09/2011
50743;11/05/2012
210708;27/09/2024
211337;23/12/2024
200040;18/08/2020
208015;07/11/2023
70674;30/10/2017
212566;07/04/2025
204764;12/05/2022
209555;07/06/2024
208777;05/03/2024
213959;13/08/2025
209994;25/07/2024
204815;24/05/2022
208037;13/11/2023
204377;21/02/2022
215595;14/01/2026
208772;05/03/2024
211802;10/02/2025
209291;13/05/2024
210577;17/09/2024
204229;31/01/2022
209028;16/04/2024
208293;05/01/2024
213940;21/08/2025
161727;23/12/2019
202775;26/06/2021
212376;27/03/2025
206719;15/05/2023
203650;19/10/2021
204654;18/04/2022
214898;28/10/2025
216151;23/02/2026
213079;19/05/2025
203774;08/11/2021
217318;10/06/2026
113152;22/03/2019
215736;30/01/2026
217065;12/05/2026
213471;30/06/2025
70672;30/10/2017
50480;07/04/2011
208471;23/01/2024
100634;27/09/2018
51581;09/05/2016
217390;15/06/2026
214178;02/09/2025
62251;11/05/2017
204291;09/02/2022
211866;11/02/2025
216273;05/03/2026
51075;30/07/2013
51142;05/02/2014
54000;29/11/2016
208221;15/12/2023
66510;01/09/2017
79006;26/02/2018
50673;12/01/2012
203786;09/11/2021
202650;31/05/2021
210100;06/08/2024
212581;08/04/2025
204925;13/06/2022
208974;08/04/2024
210673;24/09/2024
210419;05/09/2024
209907;15/07/2024
215758;23/01/2026
94462;25/07/2018
50296;28/09/2010
202173;08/02/2021
211805;05/02/2025
203680;22/10/2021
204374;21/02/2022
207396;04/08/2023
215720;29/01/2026
216221;03/03/2026
212243;14/03/2025
210601;19/09/2024
202177;08/02/2021
213808;01/08/2025
209107;24/04/2024
50071;31/08/2010
82181;23/04/2018
216130;24/02/2026
202960;13/07/2021
50767;01/06/2012
86222;07/05/2018
206250;24/02/2023
212531;03/04/2025
207813;02/10/2023
205521;15/09/2022
208858;15/03/2024
67547;21/09/2017
217098;14/05/2026
213410;20/06/2025
201088;21/01/2021
213208;04/06/2025
76911;26/01/2018
205732;21/10/2022
51488;17/03/2016
203585;07/10/2021
122595;18/06/2019
50990;18/02/2013
82140;11/04/2018
134909;22/08/2019
216043;13/02/2026
213091;20/05/2025
50943;08/01/2013
63274;23/05/2017
57029;05/01/2017
177229;17/03/2020
152369;01/11/2019
100620;19/09/2018
211702;30/01/2025
213189;28/05/2025
208272;29/12/2023
214601;29/09/2025
50722;19/04/2012
202801;26/06/2021
123652;03/07/2019
196943;31/07/2020
208216;13/12/2023
209146;26/04/2024
214600;07/10/2025
213019;13/05/2025
216857;24/04/2026
205817;16/11/2022
135925;06/09/2019
105838;17/12/2018
209802;05/07/2024
208156;01/12/2023
203804;11/11/2021
206232;16/02/2023
51582;09/05/2016
51487;15/03/2016
210253;27/08/2024
106859;19/12/2018
150312;28/10/2019
210005;26/07/2024
203403;10/09/2021
203297;24/08/2021
50660;25/11/2011
206017;09/01/2023
106858;19/12/2018
207175;10/07/2023
216666;07/04/2026
147152;09/10/2019
200659;03/11/2020
146122;08/10/2019
212923;06/05/2025
203433;15/09/2021
208437;19/01/2024
214448;19/09/2025
206070;17/01/2023
204723;09/05/2022
101718;17/10/2018
214545;25/09/2025
215265;04/12/2025
217085;13/05/2026
50040;17/08/2010
216240;09/03/2026
50427;08/02/2011
200045;19/08/2020
209147;26/04/2024
208301;08/01/2024
212999;12/05/2025
212466;31/03/2025
50895;18/10/2012
146132;09/10/2019
217198;21/05/2026
78999;22/02/2018
213708;18/07/2025
210135;13/08/2024
200830;25/11/2020
203877;23/11/2021
203975;09/12/2021
217262;03/06/2026
202957;14/07/2021
209999;25/07/2024
146146;09/10/2019
207016;20/06/2023
209520;03/06/2024
59077;13/02/2017
205768;31/10/2022
99579;06/09/2018
75859;16/01/2018
50321;30/09/2010
205600;27/09/2022
204372;21/02/2022
106873;09/01/2019
215479;08/01/2026
213502;26/06/2025
213226;30/05/2025
216304;05/03/2026
50267;27/09/2010
51872;28/09/2016
103753;29/10/2018
57058;26/01/2017
51350;15/06/2015
213134;22/05/2025
79026;01/03/2018
203929;01/12/2021
122599;18/06/2019
206811;26/05/2023
205156;19/07/2022
204712;03/05/2022
136936;28/08/2019
216470;08/04/2026
145081;30/09/2019
51769;22/08/2016
51583;09/05/2016
209342;16/05/2024
50665;30/11/2011
111054;07/03/2019
76893;22/01/2018
214513;29/09/2025
206945;15/06/2023
213318;11/06/2025
207965;31/10/2023
204416;04/03/2022
204793;19/05/2022
61132;20/03/2017
213526;30/06/2025
217692;10/07/2026
212626;09/04/2025
205080;08/07/2022
104801;13/11/2018
183421;29/04/2020
72770;11/12/2017
208368;16/01/2024
209330;15/05/2024
81045;09/03/2018
216993;28/05/2026
131816;06/08/2019
209531;05/06/2024
204120;12/01/2022
64338;12/06/2017
215090;18/11/2025
216124;23/02/2026
205760;26/10/2022
150337;29/10/2019
213288;09/06/2025
51025;11/04/2013
208332;10/01/2024
206585;26/04/2023
203435;15/09/2021
209183;02/05/2024
50268;27/09/2010
50402;21/12/2010
148257;22/10/2019
202703;01/07/2021
51036;08/05/2013
216172;04/03/2026
212313;21/03/2025
208962;04/04/2024
51046;17/05/2013
213934;11/08/2025
153462;11/11/2019
70678;31/10/2017
200463;07/10/2020
110030;22/02/2019
107963;06/02/2019
203402;09/09/2021
204957;21/06/2022
200983;30/12/2020
211955;18/02/2025
215047;12/11/2025
212785;23/04/2025
207722;21/09/2023
212216;13/03/2025
212082;26/02/2025
214690;09/10/2025
201022;11/01/2021
212961;08/05/2025
205513;14/09/2022
207955;27/10/2023
209853;15/07/2024
216217;05/03/2026
209675;24/06/2024
206826;30/05/2023
207781;28/09/2023
215989;13/02/2026
217542;03/07/2026
97542;22/08/2018
153418;04/11/2019
119494;17/05/2019
202891;06/07/2021
217078;12/05/2026
211175;22/11/2024
213677;14/08/2025
213805;14/08/2025
206043;12/01/2023
205934;13/12/2022
216906;04/05/2026
200779;18/11/2020
208432;23/01/2024
200708;14/12/2020
62180;12/04/2017
202636;16/06/2021
51060;14/06/2013
203599;08/10/2021
197987;10/08/2020
90321;04/06/2018
78998;22/02/2018
213142;09/06/2025
205300;08/08/2022
52993;25/11/2016
212134;10/03/2025
205038;04/07/2022
50468;23/03/2011
209995;25/07/2024
200216;04/09/2020
209456;27/05/2024
203723;28/10/2021
204571;04/04/2022
210279;27/08/2024
209339;16/05/2024
213214;29/05/2025
200532;14/10/2020
217167;19/05/2026
190596;03/06/2020
215461;20/01/2026
82179;23/04/2018
207778;28/09/2023
216079;20/02/2026
206876;06/06/2023
202863;01/07/2021
215187;08/12/2025
50329;30/09/2010
207759;26/09/2023
212927;06/05/2025
212809;25/04/2025
210599;19/09/2024
208146;29/11/2023
203908;26/11/2021
212047;24/02/2025
216222;03/03/2026
51979;21/11/2016
192635;10/06/2020
114290;04/04/2019
62178;12/04/2017
209149;29/04/2024
96485;06/08/2018
206985;26/06/2023
97522;20/08/2018
50968;28/01/2013
125743;29/07/2019
205674;13/10/2022
211727;18/02/2025
82111;04/04/2018
214566;26/09/2025
206349;29/03/2023
212777;22/04/2025
202221;18/02/2021
122577;13/06/2019
214205;10/09/2025
173124;28/02/2020
215262;09/12/2025
211353;03/01/2025
205222;26/07/2022
212851;29/04/2025
50312;29/09/2010
74832;09/01/2018
82108;04/04/2018
211892;12/02/2025
209348;17/05/2024
216344;11/03/2026
173120;27/02/2020
202836;04/07/2021
205429;31/08/2022
210485;06/09/2024
217601;01/07/2026
70680;01/11/2017
212504;02/04/2025
50444;11/03/2011
81056;16/03/2018
50086;01/09/2010
67552;22/09/2017
204129;13/01/2022
206222;14/02/2023
212470;31/03/2025
213008;13/05/2025
50114;08/09/2010
212365;25/03/2025
50109;08/09/2010
50917;31/10/2012
205411;29/08/2022
192642;11/06/2020
212894;05/05/2025
212183;12/03/2025
213120;21/05/2025
206178;08/02/2023
212981;12/05/2025
202769;26/06/2021
210931;23/10/2024
79038;05/03/2018
206125;31/01/2023
82134;10/04/2018
206105;27/01/2023
217274;29/05/2026
50728;26/04/2012
51905;21/10/2016
212211;13/03/2025
204875;03/06/2022
207468;14/08/2023
206653;08/05/2023
205615;29/09/2022
212723;16/04/2025
210258;27/08/2024
137987;04/09/2019
211019;05/11/2024
208951;03/04/2024
208871;18/03/2024
121560;10/06/2019
202348;05/03/2021
207731;22/09/2023
212607;09/04/2025
215948;05/03/2026
210357;03/09/2024
205680;14/10/2022
212440;03/04/2025
204084;10/01/2022
216098;24/02/2026
205734;21/10/2022
212886;02/05/2025
204221;28/01/2022
207240;17/07/2023
209722;27/06/2024
214785;13/10/2025
207535;23/08/2023
216279;10/03/2026
206672;09/05/2023
201016;11/01/2021
216170;02/03/2026
211630;24/01/2025
213753;23/07/2025
206166;06/02/2023
215329;10/12/2025
212367;27/03/2025
213861;11/08/2025
208618;08/02/2024
200479;08/10/2020
217641;02/07/2026
215726;23/01/2026
216879;23/04/2026
215451;30/12/2025
214425;17/09/2025
210895;18/10/2024
216209;04/03/2026
213232;30/05/2025
216310;05/03/2026
216577;26/03/2026
216489;20/03/2026
215348;17/12/2025
215095;18/11/2025
212095;10/03/2025
217125;14/05/2026
210554;16/09/2024
208526;30/01/2024
214611;30/09/2025
215716;21/01/2026
215122;19/11/2025
211876;11/02/2025
212249;19/03/2025
206025;11/01/2023
210789;04/10/2024
66418;20/07/2017
212457;31/03/2025
204580;04/04/2022
63302;31/05/2017
62230;04/05/2017
202866;04/07/2021
61118;14/03/2017
145095;02/10/2019
211530;15/01/2025
203555;30/09/2021
167948;03/02/2020
51096;06/09/2013
209322;15/05/2024
51572;09/05/2016
50189;16/09/2010
165899;23/01/2020
208077;21/11/2023
51585;10/05/2016
203291;23/08/2021
207368;01/08/2023
50756;24/05/2012
67607;05/10/2017
206169;07/02/2023
204927;13/06/2022
216029;13/02/2026
202688;14/06/2021
51127;16/12/2013
51286;01/12/2014
61150;23/03/2017
210290;28/08/2024
61145;23/03/2017
213342;12/06/2025
205074;07/07/2022
213681;17/07/2025
200641;26/10/2020
103773;06/11/2018
50429;09/02/2011
50405;22/12/2010
51946;07/11/2016
206762;22/05/2023
210745;02/10/2024
214950;28/10/2025
100629;26/09/2018
50060;30/08/2010
51822;09/09/2016
50255;24/09/2010
50044;23/08/2010
200665;28/10/2020
51058;07/06/2013
211419;09/01/2025
88265;11/05/2018
208355;12/01/2024
50619;29/08/2011
213148;23/05/2025
209369;20/05/2024
213922;13/08/2025
206091;19/01/2023
51586;10/05/2016
204301;10/02/2022
212874;06/05/2025
51587;10/05/2016
50455;16/03/2011
209018;12/04/2024
205743;24/10/2022
50524;26/05/2011
217189;22/05/2026
89302;22/05/2018
159632;02/12/2019
203571;05/10/2021
215060;12/11/2025
50855;18/09/2012
63267;18/05/2017
203779;08/11/2021
217178;19/05/2026
203886;25/11/2021
200043;19/08/2020
100604;17/09/2018
213024;13/05/2025
51588;10/05/2016
92350;26/06/2018
207363;01/08/2023
214398;15/09/2025
210973;30/10/2024
205117;15/07/2022
212912;06/05/2025
50365;08/10/2010
206549;18/04/2023
202994;16/07/2021
50295;28/09/2010
51816;09/09/2016
211975;19/02/2025
211176;22/11/2024
66463;15/08/2017
206880;06/06/2023
203590;07/10/2021
202949;12/07/2021
215671;02/02/2026
92341;11/06/2018
206949;16/06/2023
208570;06/02/2024
203570;04/10/2021
208353;12/01/2024
209222;03/05/2024
215660;23/01/2026
51431;04/01/2016
214235;03/09/2025
203304;24/08/2021
203395;13/09/2021
211857;14/02/2025
57052;23/01/2017
204283;08/02/2022
203527;28/09/2021
183423;28/04/2020
204236;31/01/2022
205421;30/08/2022
51476;01/03/2016
61123;17/03/2017
104807;19/11/2018
206444;31/03/2023
50471;29/03/2011
210685;01/10/2024
50387;18/11/2010
114347;11/04/2019
204984;28/06/2022
70724;23/11/2017
211085;13/11/2024
66375;05/07/2017
212227;14/03/2025
51750;26/07/2016
208524;30/01/2024
215215;03/12/2025
205373;18/08/2022
161705;17/12/2019
185491;14/05/2020
205634;05/10/2022
51589;11/05/2016
65340;19/06/2017
66387;19/06/2017
203682;25/10/2021
210766;02/10/2024
88256;10/05/2018
206406;24/03/2023
214276;09/09/2025
207757;26/09/2023
61128;20/03/2017
202406;25/03/2021
50228;21/09/2010
212910;06/05/2025
200382;06/10/2020
53994;28/11/2016
196836;13/07/2020
70662;27/10/2017
216852;22/04/2026
205458;05/09/2022
101669;08/10/2018
206437;30/03/2023
182300;02/04/2020
207196;11/07/2023
206386;20/03/2023
210282;27/08/2024
207074;28/06/2023
216473;08/04/2026
50403;21/12/2010
203624;14/10/2021
204202;27/01/2022
203177;05/08/2021
203783;08/11/2021
66477;22/08/2017
215968;11/02/2026
212949;07/05/2025
206248;24/02/2023
200161;27/08/2020
50734;07/05/2012
207163;07/07/2023
214154;28/08/2025
51865;26/09/2016
204263;03/02/2022
212404;28/03/2025
204876;06/06/2022
200450;05/10/2020
51223;18/08/2014
216513;08/04/2026
82174;17/04/2018
208667;21/02/2024
212781;23/04/2025
200563;15/10/2020
106933;28/01/2019
205862;29/11/2022
204885;06/06/2022
203875;23/11/2021
213199;29/05/2025
204438;10/03/2022
215418;22/12/2025
67584;27/09/2017
97545;23/08/2018
200460;13/11/2020
207850;06/10/2023
208684;22/02/2024
209394;21/05/2024
82118;05/04/2018
212128;07/03/2025
208054;17/11/2023
214016;03/09/2025
207207;12/07/2023
208365;15/01/2024
82166;16/04/2018
202657;04/06/2021
216673;06/04/2026
213818;08/08/2025
50167;15/09/2010
203917;01/12/2021
212687;14/04/2025
211504;14/01/2025
200643;26/10/2020
209997;25/07/2024
208892;21/03/2024
111094;13/03/2019
208013;07/11/2023
195782;03/07/2020
210805;09/10/2024
166918;29/01/2020
202181;09/02/2021
209765;02/07/2024
202400;25/03/2021
208125;27/11/2023
214851;05/11/2025
198027;17/08/2020
61124;20/03/2017
217182;20/05/2026
171036;17/02/2020
200446;03/10/2020
209908;15/07/2024
210079;05/08/2024
50066;31/08/2010
203201;10/08/2021
204559;31/03/2022
204864;06/06/2022
66467;16/08/2017
205637;05/10/2022
216950;11/05/2026
206307;07/03/2023
50925;08/11/2012
87239;09/05/2018
212236;14/03/2025
200391;29/09/2020
208569;06/02/2024
50229;21/09/2010
212771;22/04/2025
205622;30/09/2022
208041;13/11/2023
206726;16/05/2023
210828;10/10/2024
50789;06/07/2012
203171;05/08/2021
205895;06/12/2022
202774;26/06/2021
203911;26/11/2021
70710;16/11/2017
211674;28/01/2025
215859;29/01/2026
209377;20/05/2024
207626;05/09/2023
204380;22/02/2022
208793;07/03/2024
173154;04/03/2020
204800;19/05/2022
207552;28/08/2023
217087;12/05/2026
216060;13/02/2026
211638;27/01/2025
205453;02/09/2022
203183;09/08/2021
162739;30/12/2019
78974;15/02/2018
112097;14/03/2019
51775;26/08/2016
204471;14/03/2022
214832;20/10/2025
104815;22/11/2018
208168;05/12/2023
205505;13/09/2022
207630;06/09/2023
212291;19/03/2025
210040;31/07/2024
79005;23/02/2018
214179;29/08/2025
205796;08/11/2022
202142;02/02/2021
63296;31/05/2017
203218;13/08/2021
179245;17/03/2020
207598;01/09/2023
209822;10/07/2024
203820;17/11/2021
202175;08/02/2021
206182;09/02/2023
195790;06/07/2020
211600;10/02/2025
217038;28/05/2026
208823;12/03/2024
214520;25/09/2025
201053;14/01/2021
206106;24/01/2023
211742;05/02/2025
211363;06/01/2025
209370;20/05/2024
215802;04/02/2026
211319;18/12/2024
209167;29/04/2024
67579;27/09/2017
61077;14/02/2017
211470;14/01/2025
206894;13/06/2023
207881;20/10/2023
209571;11/06/2024
216009;13/02/2026
212765;17/04/2025
208764;07/03/2024
182304;03/04/2020
200828;25/11/2020
213838;04/08/2025
106931;28/01/2019
202909;06/07/2021
202744;26/06/2021
70714;17/11/2017
205310;09/08/2022
112111;19/03/2019
208507;29/01/2024
51466;18/02/2016
207776;29/09/2023
215806;02/02/2026
217616;01/07/2026
210658;24/09/2024
123667;10/07/2019
169017;13/02/2020
204284;08/02/2022
209503;31/05/2024
61105;03/03/2017
211901;13/02/2025
213485;25/06/2025
217067;12/05/2026
216712;08/04/2026
214894;23/10/2025
210121;08/08/2024
211320;18/12/2024
216715;08/04/2026
98562;30/08/2018
207461;11/08/2023
213437;23/06/2025
163857;17/01/2020
215430;29/12/2025
207675;14/09/2023
205769;03/11/2022
212454;31/03/2025
205342;17/08/2022
215909;18/02/2026
216476;31/03/2026
133906;21/08/2019
205452;05/09/2022
215271;09/12/2025
202180;08/02/2021
51601;11/05/2016
215445;29/12/2025
210778;03/10/2024
50506;04/05/2011
70691;06/11/2017
208813;14/03/2024
126762;31/07/2019
200502;13/10/2020
206745;18/05/2023
200385;07/10/2020
209119;26/04/2024
211383;07/01/2025
81067;20/03/2018
50752;17/05/2012
209573;11/06/2024
208100;22/11/2023
50190;16/09/2010
214731;15/10/2025
130798;13/08/2019
50797;02/08/2012
50037;17/08/2010
215617;02/02/2026
50618;29/08/2011
207933;24/10/2023
97538;21/08/2018
204006;16/12/2021
213949;12/08/2025
50522;26/05/2011
214262;05/09/2025
50573;07/07/2011
214978;04/11/2025
66398;14/07/2017
209260;08/05/2024
210999;04/11/2024
67551;22/09/2017
202920;08/07/2021
50448;14/03/2011
50875;24/09/2012
217556;03/07/2026
203798;11/11/2021
66436;28/07/2017
64324;07/06/2017
215978;13/02/2026
79003;23/02/2018
208808;12/03/2024
153413;04/11/2019
216175;02/03/2026
200623;23/10/2020
197982;10/08/2020
193710;24/06/2020
209631;19/06/2024
142072;24/09/2019
74834;09/01/2018
217487;24/06/2026
217495;03/07/2026
212382;28/03/2025
208385;16/01/2024
192633;09/06/2020
200346;24/09/2020
205299;08/08/2022
209315;14/05/2024
211515;15/01/2025
216886;23/04/2026
51005;28/02/2013
50043;20/08/2010
213737;14/08/2025
206879;06/06/2023
215071;12/11/2025
50095;06/09/2010
215727;30/01/2026
212130;07/03/2025
206670;09/05/2023
114322;08/04/2019
208236;20/12/2023
208450;22/01/2024
50085;01/09/2010
211298;17/12/2024
203043;21/07/2021
214824;15/10/2025
204533;28/03/2022
50459;17/03/2011
215214;04/12/2025
215213;04/12/2025
207352;31/07/2023
213800;06/08/2025
215369;22/12/2025
70679;31/10/2017
205432;31/08/2022
210576;17/09/2024
207514;21/08/2023
215553;14/01/2026
50458;16/03/2011
76930;31/01/2018
210871;15/10/2024
208367;15/01/2024
51590;11/05/2016
90329;05/06/2018
208519;29/01/2024
204480;16/03/2022
215509;08/01/2026
211755;06/02/2025
206224;15/02/2023
217461;16/06/2026
213171;26/05/2025
206180;08/02/2023
216869;23/04/2026
210043;31/07/2024
205497;12/09/2022
215781;26/01/2026
209694;26/06/2024
214536;25/09/2025
211925;14/02/2025
208160;05/12/2023
215844;03/02/2026
203933;06/12/2021
202488;12/04/2021
208444;22/01/2024
51591;11/05/2016
75870;17/01/2018
203397;09/09/2021
211308;16/12/2024
211846;10/02/2025
208583;06/02/2024
156485;14/11/2019
206485;10/04/2023
158575;27/11/2019
211938;17/02/2025
217337;08/06/2026
208490;24/01/2024
100640;03/10/2018
85212;02/05/2018
72762;08/12/2017
200171;31/08/2020
212117;06/03/2025
104812;21/11/2018
51866;27/09/2016
50107;08/09/2010
208183;11/12/2023
72751;06/12/2017
208135;29/11/2023
206241;23/02/2023
211604;22/01/2025
205665;10/10/2022
203243;17/08/2021
203746;04/11/2021
213528;30/06/2025
63299;31/05/2017
212432;15/05/2025
101716;17/10/2018
198006;11/08/2020
213192;28/05/2025
161718;19/12/2019
213317;11/06/2025
59085;13/02/2017
207773;27/09/2023
106839;10/12/2018
213034;14/05/2025
209560;07/06/2024
202748;26/06/2021
215353;17/12/2025
211803;05/02/2025
213498;26/06/2025
216697;08/04/2026
212089;26/02/2025
204443;10/03/2022
210133;12/08/2024
50230;21/09/2010
204311;11/02/2022
209302;14/05/2024
203664;20/10/2021
206906;12/06/2023
209516;03/06/2024
205807;10/11/2022
214220;02/09/2025
76900;23/01/2018
215390;22/12/2025
74817;05/01/2018
202487;12/04/2021
213225;30/05/2025
208220;14/12/2023
78979;16/02/2018
213788;01/08/2025
215141;21/11/2025
215241;03/12/2025
51748;20/07/2016
216873;23/04/2026
211262;09/12/2024
203511;24/09/2021
193695;18/06/2020
88273;14/05/2018
203042;21/07/2021
215127;28/11/2025
206975;26/06/2023
50419;21/01/2011
51592;11/05/2016
214834;30/10/2025
210225;22/08/2024
209621;18/06/2024
213046;15/05/2025
211347;03/01/2025
216900;07/05/2026
210600;19/09/2024
72763;08/12/2017
216984;04/05/2026
51593;11/05/2016
215386;16/12/2025
208407;17/01/2024
209911;15/07/2024
66403;18/07/2017
106857;18/12/2018
215094;18/11/2025
212460;03/04/2025
186500;15/05/2020
210114;07/08/2024
50102;08/09/2010
153459;07/11/2019
50137;14/09/2010
216118;23/02/2026
144080;30/09/2019
104799;13/11/2018
58068;06/02/2017
52996;25/11/2016
109006;14/02/2019
100593;13/09/2018
50937;03/12/2012
202754;26/06/2021
51009;07/03/2013
209154;29/04/2024
208553;02/02/2024
213960;22/08/2025
164864;20/01/2020
201070;19/01/2021
62160;29/03/2017
51594;11/05/2016
203019;19/07/2021
204314;14/02/2022
202755;26/06/2021
50956;14/01/2013
217268;28/05/2026
200290;15/09/2020
206645;04/05/2023
50516;19/05/2011
204826;25/05/2022
103762;31/10/2018
50062;31/08/2010
76961;07/02/2018
127769;31/07/2019
50231;22/09/2010
213175;27/05/2025
214050;29/08/2025
202797;26/06/2021
211641;24/01/2025
50232;22/09/2010
51900;18/10/2016
75858;16/01/2018
214446;26/09/2025
50759;28/05/2012
204053;04/01/2022
50938;04/12/2012
51595;11/05/2016
51596;11/05/2016
206472;14/04/2023
208299;05/01/2024
108000;13/02/2019
161719;19/12/2019
204454;11/03/2022
190562;28/05/2020
217553;26/06/2026
50868;20/09/2012
50100;08/09/2010
205297;08/08/2022
217002;08/05/2026
92337;11/06/2018
216184;27/02/2026
51754;01/08/2016
50252;24/09/2010
50527;30/05/2011
62190;24/04/2017
203387;08/09/2021
215873;20/02/2026
207420;08/08/2023
67603;05/10/2017
203807;16/11/2021
203197;10/08/2021
204207;27/01/2022
209484;29/05/2024
211214;28/11/2024
200551;15/10/2020
207808;02/10/2023
51791;01/09/2016
73789;15/12/2017
210691;26/09/2024
200612;22/10/2020
196830;10/07/2020
200827;25/11/2020
202172;08/02/2021
179257;19/03/2020
50507;04/05/2011
51873;28/09/2016
68645;19/10/2017
88255;10/05/2018
206819;30/05/2023
50457;16/03/2011
72788;14/12/2017
206899;12/06/2023
50099;06/09/2010
50699;19/03/2012
50496;27/04/2011
137988;04/09/2019
200769;17/11/2020
106840;10/12/2018
50709;29/03/2012
208286;04/01/2024
146115;04/10/2019
216641;09/04/2026
212888;02/05/2025
148268;22/10/2019
208599;07/02/2024
209961;22/07/2024
50047;25/08/2010
212509;03/04/2025
203829;17/11/2021
208269;27/12/2023
205998;05/01/2023
214564;26/09/2025
51597;11/05/2016
200441;02/10/2020
204042;29/12/2021
51598;11/05/2016
109010;15/02/2019
212066;25/02/2025
205972;28/12/2022
210010;26/07/2024
202976;14/07/2021
213080;23/05/2025
207849;06/10/2023
210803;08/10/2024
216182;04/03/2026
50091;02/09/2010
50773;05/06/2012
66514;04/09/2017
169018;13/02/2020
208979;15/04/2024
207362;01/08/2023
204097;10/01/2022
208420;18/01/2024
82130;09/04/2018
205479;08/09/2022
215328;10/12/2025
202883;06/07/2021
61144;23/03/2017
209223;03/05/2024
149291;24/10/2019
50328;30/09/2010
50191;16/09/2010
196821;09/07/2020
147166;10/10/2019
115436;25/04/2019
51089;26/08/2013
200710;06/11/2020
208181;07/12/2023
202420;04/06/2021
202138;02/02/2021
87240;09/05/2018
169000;14/02/2020
51600;11/05/2016
63315;02/06/2017
208794;06/03/2024
66357;23/06/2017
50389;26/11/2010
214036;22/08/2025
213468;25/06/2025
208228;19/12/2023
200395;30/09/2020
212854;29/04/2025
206898;12/06/2023
205820;17/11/2022
50456;16/03/2011
115417;22/04/2019
203383;06/09/2021
210820;09/10/2024
55011;08/12/2016
195791;06/07/2020
207226;14/07/2023
217114;18/05/2026
212420;28/03/2025
211992;20/02/2025
206912;12/06/2023
70706;14/11/2017
70700;10/11/2017
209215;03/05/2024
124707;18/07/2019
209347;17/05/2024
207726;21/09/2023
206244;23/02/2023
204256;03/02/2022
214648;02/10/2025
212572;07/04/2025
203533;29/09/2021
206943;15/06/2023
209603;14/06/2024
204240;03/02/2022
114276;02/04/2019
50310;29/09/2010
213640;15/07/2025
209919;16/07/2024
216092;20/02/2026
211398;08/01/2025
167953;05/02/2020
125763;31/07/2019
90318;01/06/2018
213690;23/07/2025
211675;28/01/2025
209909;15/07/2024
194723;26/06/2020
66358;23/06/2017
50434;14/02/2011
216297;05/03/2026
113150;22/03/2019
207265;19/07/2023
207898;18/10/2023
212672;14/04/2025
215147;24/11/2025
216146;04/03/2026
206938;15/06/2023
51944;04/11/2016
206132;31/01/2023
100655;03/10/2018
107997;13/02/2019
181282;26/03/2020
217159;19/05/2026
215108;18/11/2025
214927;30/10/2025
213623;11/07/2025
205463;06/09/2022
214999;06/11/2025
213320;11/06/2025
213622;14/07/2025
210137;13/08/2024
206006;06/01/2023
212392;27/03/2025
211529;15/01/2025
213855;11/08/2025
203926;30/11/2021
205270;04/08/2022
213012;13/05/2025
208394;16/01/2024
215317;14/01/2026
210191;19/08/2024
202194;22/02/2021
211294;11/12/2024
202905;06/07/2021
215163;02/12/2025
209937;18/07/2024
215121;19/11/2025
203997;22/12/2021
213859;11/08/2025
209684;25/06/2024
213908;06/08/2025
216201;03/03/2026
208406;17/01/2024
214329;09/09/2025
216731;09/04/2026
208364;16/01/2024
215350;17/12/2025
213176;29/05/2025
211031;07/11/2024
206682;11/05/2023
215993;13/02/2026
202766;26/06/2021
203338;26/08/2021
205969;28/12/2022
168997;11/02/2020
211367;06/01/2025
212498;02/04/2025
214003;04/09/2025
214469;18/09/2025
203971;09/12/2021
210281;27/08/2024
207036;23/06/2023
51328;09/04/2015
215558;12/01/2026
209403;22/05/2024
215471;08/01/2026
200294;16/09/2020
201085;21/01/2021
205100;13/07/2022
210087;05/08/2024
206756;19/05/2023
114168;25/03/2019
217221;22/05/2026
209728;27/06/2024
123663;04/07/2019
202588;17/05/2021
207361;01/08/2023
212290;19/03/2025
214722;10/10/2025
207892;18/10/2023
210224;22/08/2024
200721;09/11/2020
206151;02/02/2023
206667;09/05/2023
51172;25/03/2014
106905;18/01/2019
208741;28/02/2024
203092;29/07/2021
51602;11/05/2016
212666;15/04/2025
212685;14/04/2025
213074;19/05/2025
150311;28/10/2019
208192;11/12/2023
208745;29/02/2024
199039;18/08/2020
213768;28/07/2025
206459;04/04/2023
209567;10/06/2024
196925;28/07/2020
217273;29/05/2026
204149;17/01/2022
203907;26/11/2021
196941;30/07/2020
205177;19/07/2022
205475;06/09/2022
51717;14/06/2016
204540;28/03/2022
207403;04/08/2023
202712;21/06/2021
217253;26/05/2026
81050;12/03/2018
208163;04/12/2023
131819;06/08/2019
216955;11/05/2026
203327;25/08/2021
214427;18/09/2025
208409;17/01/2024
206732;16/05/2023
203860;19/11/2021
207608;04/09/2023
209985;26/07/2024
50233;22/09/2010
114192;25/03/2019
211200;27/11/2024
212733;16/04/2025
209574;11/06/2024
172055;19/02/2020
213552;04/07/2025
212295;19/03/2025
209502;31/05/2024
214058;27/08/2025
76926;30/01/2018
214386;16/09/2025
212533;04/04/2025
211217;28/11/2024
212339;24/03/2025
203190;20/08/2021
208550;02/02/2024
107984;11/02/2019
203286;20/08/2021
208980;08/04/2024
204517;24/03/2022
213315;10/06/2025
204985;28/06/2022
211024;06/11/2024
101706;15/10/2018
216604;31/03/2026
211059;11/11/2024
200714;09/11/2020
200724;09/11/2020
194743;30/06/2020
212546;07/04/2025
203245;17/08/2021
51169;19/03/2014
215919;20/02/2026
217706;13/07/2026
207560;28/08/2023
212513;03/04/2025
208121;27/11/2023
205502;12/09/2022
70729;27/11/2017
213483;26/06/2025
50053;30/08/2010
159656;03/12/2019
50510;06/05/2011
194737;29/06/2020
192653;11/06/2020
50453;14/03/2011
213925;19/08/2025
215788;04/02/2026
215824;20/02/2026
212471;31/03/2025
95468;27/07/2018
50275;28/09/2010
208825;12/03/2024
210093;06/08/2024
106907;18/01/2019
209773;05/07/2024
177227;17/03/2020
207275;19/07/2023
214804;15/10/2025
66399;14/07/2017
206139;02/02/2023
215856;30/01/2026
206314;08/03/2023
59087;13/02/2017
206823;30/05/2023
207299;26/07/2023
205384;22/08/2022
202539;23/04/2021
202126;29/01/2021
215875;30/01/2026
211967;19/02/2025
67580;27/09/2017
208657;19/02/2024
64323;07/06/2017
216871;22/04/2026
51604;12/05/2016
106844;11/12/2018
188517;19/05/2020
211907;13/02/2025
210285;28/08/2024
207631;06/09/2023
215043;07/11/2025
213882;07/08/2025
50547;14/06/2011
211984;19/02/2025
213011;13/05/2025
215740;03/02/2026
203775;10/11/2021
200778;18/11/2020
203179;06/08/2021
51603;12/05/2016
204381;22/02/2022
61110;09/03/2017
51114;04/11/2013
208375;16/01/2024
213156;26/05/2025
213490;25/06/2025
217018;07/05/2026
132880;14/08/2019
213678;04/08/2025
212628;10/04/2025
205090;11/07/2022
205075;07/07/2022
109005;14/02/2019
212890;05/05/2025
215517;20/01/2026
208535;30/01/2024
208028;09/11/2023
159634;02/12/2019
210328;02/09/2024
122590;17/06/2019
124726;25/07/2019
212956;08/05/2025
215472;07/01/2026
207814;02/10/2023
190588;01/06/2020
208018;08/11/2023
211103;19/11/2024
173110;21/02/2020
204237;31/01/2022
183334;13/04/2020
209806;05/07/2024
88291;16/05/2018
213194;28/05/2025
172052;19/02/2020
92343;11/06/2018
209288;10/05/2024
217242;28/05/2026
92371;22/06/2018
210808;10/10/2024
211607;23/01/2025
213529;30/06/2025
215892;03/02/2026
214920;05/11/2025
206775;23/05/2023
213919;08/08/2025
96505;13/08/2018
195788;03/07/2020
50886;04/10/2012
214022;20/08/2025
203314;01/09/2021
185461;11/05/2020
211847;10/02/2025
214956;27/10/2025
104822;27/11/2018
202556;06/05/2021
208229;19/12/2023
207816;03/10/2023
204585;04/04/2022
100600;13/09/2018
211293;18/12/2024
65356;22/06/2017
205296;05/08/2022
217208;25/05/2026
203472;21/09/2021
106940;30/01/2019
216599;08/04/2026
213952;13/08/2025
208387;16/01/2024
205109;14/07/2022
215366;22/12/2025
202821;26/06/2021
197977;07/12/2020
200170;27/08/2020
201095;22/01/2021
169022;14/02/2020
88293;16/05/2018
50249;22/09/2010
51934;31/10/2016
124710;19/07/2019
50726;25/04/2012
50957;14/01/2013
50822;20/08/2012
50494;26/04/2011
62213;27/04/2017
215739;04/02/2026
200991;05/01/2021
211407;08/01/2025
209085;24/04/2024
62191;24/04/2017
51071;11/07/2013
207536;23/08/2023
50028;16/08/2010
209217;03/05/2024
51632;17/05/2016
51353;30/06/2015
206642;04/05/2023
209346;17/05/2024
212182;12/03/2025
50098;06/09/2010
82135;10/04/2018
82113;05/04/2018
214658;03/10/2025
207315;26/07/2023
82146;12/04/2018
210591;18/09/2024
207753;27/09/2023
200846;26/11/2020
216624;31/03/2026
188519;19/05/2020
197976;07/08/2020
216449;17/03/2026
216441;16/03/2026
210017;29/07/2024
215272;04/12/2025
211883;13/02/2025
212587;08/04/2025
209356;17/05/2024
175166;06/03/2020
209885;15/07/2024
209586;12/06/2024
202215;17/02/2021
213752;23/07/2025
216839;20/04/2026
207940;24/10/2023
205291;05/08/2022
100618;18/09/2018
217175;19/05/2026
216331;06/03/2026
202283;25/02/2021
209570;11/06/2024
212449;31/03/2025
214027;22/08/2025
115430;30/04/2019
205770;31/10/2022
50307;29/09/2010
121574;12/06/2019
109011;18/02/2019
201019;11/01/2021
185457;08/05/2020
215778;27/01/2026
50422;31/01/2011
203178;05/08/2021
164893;22/01/2020
100613;17/09/2018
208988;09/04/2024
92338;11/06/2018
202820;26/06/2021
137962;03/09/2019
62195;25/04/2017
150325;29/10/2019
127789;31/07/2019
217184;26/05/2026
213352;12/06/2025
209270;09/05/2024
211053;11/11/2024
211282;10/12/2024
205388;24/08/2022
215152;26/11/2025
215441;29/12/2025
196877;17/07/2020
202760;26/06/2021
200210;03/09/2020
215609;19/01/2026
104806;19/11/2018
204837;27/05/2022
208573;06/02/2024
213109;21/05/2025
202535;22/04/2021
208445;23/01/2024
206673;10/05/2023
59081;13/02/2017
50839;31/08/2012
210244;27/08/2024
209667;24/06/2024
205295;05/08/2022
209462;29/05/2024
190606;04/06/2020
212094;28/02/2025
200221;08/09/2020
50732;04/05/2012
211568;18/02/2025
213738;29/07/2025
209868;15/07/2024
211325;19/12/2024
216292;05/03/2026
216708;08/04/2026
206213;14/02/2023
210498;09/09/2024
216795;14/04/2026
202656;01/06/2021
207236;17/07/2023
203592;07/10/2021
214592;26/09/2025
217429;17/06/2026
212172;11/03/2025
205321;10/08/2022
206464;17/04/2023
209421;23/05/2024
210301;29/08/2024
214766;15/10/2025
210878;16/10/2024
215257;11/12/2025
204464;11/03/2022
214574;26/09/2025
200999;07/01/2021
202714;18/06/2021
215674;02/02/2026
63285;26/05/2017
51950;08/11/2016
66528;12/09/2017
163846;16/01/2020
210935;23/10/2024
78992;20/02/2018
202421;30/03/2021
175160;06/03/2020
50967;22/01/2013
216257;05/03/2026
210684;25/09/2024
203501;23/09/2021
66460;14/08/2017
206727;16/05/2023
204799;23/05/2022
206503;11/04/2023
51157;19/02/2014
202351;08/03/2021
182303;03/04/2020
200862;02/12/2020
213389;16/06/2025
51902;18/10/2016
212921;06/05/2025
50282;28/09/2010
213264;04/06/2025
204194;26/01/2022
62200;26/04/2017
110032;20/03/2019
211895;14/02/2025
195773;02/07/2020
75873;18/01/2018
202941;16/07/2021
210272;27/08/2024
145087;30/09/2019
81044;09/03/2018
205401;25/08/2022
204249;03/02/2022
208708;26/02/2024
213656;16/07/2025
215970;06/02/2026
119492;16/05/2019
205604;28/09/2022
202929;08/07/2021
208373;15/01/2024
207538;24/08/2023
206277;02/03/2023
217538;25/06/2026
204378;02/03/2022
162748;03/01/2020
50288;28/09/2010
200750;13/11/2020
205706;18/10/2022
211735;31/01/2025
210954;28/10/2024
210011;26/07/2024
86216;04/05/2018
137949;30/08/2019
148259;22/10/2019
51605;12/05/2016
142060;20/09/2019
215496;08/01/2026
208896;22/03/2024
208237;20/12/2023
111058;07/03/2019
205774;31/10/2022
200747;12/11/2020
121546;31/05/2019
200236;11/09/2020
213247;04/06/2025
216174;05/03/2026
206443;31/03/2023
215157;26/11/2025
214682;10/10/2025
205809;11/11/2022
60079;14/02/2017
207141;05/07/2023
203951;30/12/2021
214410;16/09/2025
212982;12/05/2025
200399;30/09/2020
51448;03/02/2016
165904;27/01/2020
108002;13/02/2019
57059;30/01/2017
200083;21/08/2020
210252;27/08/2024
208518;29/01/2024
215456;05/01/2026
200752;07/12/2020
212775;22/04/2025
200331;23/09/2020
212348;24/03/2025
185487;14/05/2020
213586;10/07/2025
213593;15/07/2025
217649;07/07/2026
216048;26/02/2026
115420;23/04/2019
211667;28/01/2025
217528;24/06/2026
216369;11/03/2026
205381;22/08/2022
210228;26/08/2024
209759;02/07/2024
216351;10/03/2026
206808;26/05/2023
208212;13/12/2023
205498;12/09/2022
59086;13/02/2017
206710;15/05/2023
211819;06/02/2025
206546;18/04/2023
208862;15/03/2024
207404;04/08/2023
211673;28/01/2025
202118;28/01/2021
212789;24/04/2025
213909;12/08/2025
210174;15/08/2024
203881;24/11/2021
217388;12/06/2026
203639;18/10/2021
211647;27/01/2025
200318;23/09/2020
207927;23/10/2023
216081;23/02/2026
203457;17/09/2021
215330;10/12/2025
213484;26/06/2025
206636;03/05/2023
216450;16/03/2026
197991;10/08/2020
208838;14/03/2024
217212;25/05/2026
217010;06/05/2026
88282;14/05/2018
203455;17/09/2021
209526;06/06/2024
106908;18/01/2019
212230;19/03/2025
215367;22/12/2025
215347;17/12/2025
216087;18/02/2026
63295;30/05/2017
216443;16/03/2026
215916;20/02/2026
216403;17/03/2026
213854;11/08/2025
211589;22/01/2025
211039;07/11/2024
209182;02/05/2024
195771;01/07/2020
206211;13/02/2023
203814;12/11/2021
51608;12/05/2016
215487;22/01/2026
215860;29/01/2026
214190;05/09/2025
114283;03/04/2019
62219;02/05/2017
217726;15/07/2026
216445;16/03/2026
204339;15/02/2022
207779;28/09/2023
209295;13/05/2024
211105;18/11/2024
206351;13/03/2023
204370;21/02/2022
213473;30/06/2025
212293;19/03/2025
208743;28/02/2024
50283;28/09/2010
210747;01/10/2024
51416;21/10/2015
214609;30/09/2025
210020;29/07/2024
214798;23/10/2025
92339;11/06/2018
207541;23/08/2023
203163;03/08/2021
203045;21/07/2021
200867;02/12/2020
200172;28/08/2020
50341;07/10/2010
201073;20/01/2021
51844;16/09/2016
212257;17/03/2025
203290;23/08/2021
209063;18/04/2024
205228;26/07/2022
210588;18/09/2024
211181;25/11/2024
205382;22/08/2022
202476;09/04/2021
202496;14/04/2021
208124;28/11/2023
202199;12/02/2021
127768;31/07/2019
60078;14/02/2017
202235;22/02/2021
200475;08/10/2020
211405;09/01/2025
66515;04/09/2017
215291;10/12/2025
209656;21/06/2024
196900;23/07/2020
207313;26/07/2023
50002;23/06/2010
206024;11/01/2023
216526;23/03/2026
209660;21/06/2024
192649;11/06/2020
116464;06/05/2019
213278;06/06/2025
203076;27/07/2021
209548;06/06/2024
157521;21/11/2019
207172;07/07/2023
212967;09/05/2025
210712;27/09/2024
208632;15/02/2024
50951;11/01/2013
50097;06/09/2010
164860;17/01/2020
205977;29/12/2022
89296;18/05/2018
205173;19/07/2022
209661;21/06/2024
212287;18/03/2025
206129;31/01/2023
200183;01/09/2020
217005;18/05/2026
202752;26/06/2021
214060;22/08/2025
205020;01/07/2022
204223;31/01/2022
203626;18/10/2021
50371;08/10/2010
216989;12/05/2026
63300;31/05/2017
66381;06/07/2017
50331;30/09/2010
200555;15/10/2020
210767;03/10/2024
209109;24/04/2024
101673;08/10/2018
204749;11/05/2022
93411;12/07/2018
81071;20/03/2018
50658;24/11/2011
203329;25/08/2021
62159;28/03/2017
209106;24/04/2024
214665;06/10/2025
208903;25/03/2024
210777;03/10/2024
133889;19/08/2019
208382;16/01/2024
211964;18/02/2025
213904;12/08/2025
215575;04/02/2026
215148;25/11/2025
211773;04/02/2025
215119;08/12/2025
123675;15/07/2019
193697;19/06/2020
215212;04/12/2025
203696;26/10/2021
200082;21/08/2020
202428;31/03/2021
202988;15/07/2021
213398;17/06/2025
211734;31/01/2025
210953;25/10/2024
210993;04/11/2024
203219;13/08/2021
211204;27/11/2024
204173;20/01/2022
211681;28/01/2025
204061;07/01/2022
206555;19/04/2023
209916;16/07/2024
213700;17/07/2025
50942;28/12/2012
214547;25/09/2025
207663;13/09/2023
206815;29/05/2023
210944;24/10/2024
208783;05/03/2024
203099;30/07/2021
51216;24/07/2014
211943;17/02/2025
170029;14/02/2020
206761;19/05/2023
208195;11/12/2023
106863;21/12/2018
208658;19/02/2024
214194;03/09/2025
212388;26/03/2025
205714;19/10/2022
205209;22/07/2022
217219;25/05/2026
204090;10/01/2022
208692;22/02/2024
204757;12/05/2022
216969;05/05/2026
212577;07/04/2025
215209;04/12/2025
200267;10/09/2020
217044;08/05/2026
208619;08/02/2024
204535;28/03/2022
51436;22/01/2016
51915;25/10/2016
209359;17/05/2024
212682;14/04/2025
202220;18/02/2021
50234;22/09/2010
51454;11/02/2016
202944;12/07/2021
214297;05/09/2025
207121;03/07/2023
50761;29/05/2012
88283;14/05/2018
213924;19/08/2025
107979;07/02/2019
212269;17/03/2025
200381;07/12/2020
50300;29/09/2010
81070;20/03/2018
202624;26/05/2021
213760;24/07/2025
60074;13/02/2017
182324;09/04/2020
209159;29/04/2024
215096;18/11/2025
205459;08/09/2022
215399;05/01/2026
205811;16/11/2022
216274;10/03/2026
213404;20/06/2025
212247;17/03/2025
206127;02/02/2023
216078;20/02/2026
202839;29/06/2021
209636;19/06/2024
205836;22/11/2022
87241;09/05/2018
213004;19/05/2025
206021;09/01/2023
200799;20/11/2020
214633;02/10/2025
122591;17/06/2019
204094;10/01/2022
196841;13/07/2020
213401;17/06/2025
216167;05/03/2026
211756;03/02/2025
209471;29/05/2024
161729;23/12/2019
213613;11/07/2025
208517;29/01/2024
203065;26/07/2021
200207;03/09/2020
75871;17/01/2018
61107;03/03/2017
205267;03/08/2022
128797;02/08/2019
210644;26/09/2024
216864;23/04/2026
211454;13/01/2025
210787;04/10/2024
208032;10/11/2023
210551;16/09/2024
208164;04/12/2023
205751;25/10/2022
209588;12/06/2024
208944;03/04/2024
66454;08/08/2017
205561;21/09/2022
196858;14/07/2020
204303;10/02/2022
213764;06/08/2025
209203;03/05/2024
211238;02/12/2024
61147;23/03/2017
207327;27/07/2023
66500;30/08/2017
205277;04/08/2022
202435;31/03/2021
148247;21/10/2019
205466;05/09/2022
205724;20/10/2022
209638;20/06/2024
50680;03/02/2012
210138;12/08/2024
215280;09/12/2025
51927;28/10/2016
57028;05/01/2017
115414;18/04/2019
106854;18/12/2018
209747;01/07/2024
97537;21/08/2018
215589;21/01/2026
203198;10/08/2021
209702;26/06/2024
190549;26/05/2020
211448;10/01/2025
212272;17/03/2025
200823;25/11/2020
215976;19/02/2026
216054;11/02/2026
207398;04/08/2023
205477;08/09/2022
206953;16/06/2023
212795;24/04/2025
216181;26/02/2026
213585;07/07/2025
50550;14/06/2011
98568;03/09/2018
156475;13/11/2019
208003;06/11/2023
149296;25/10/2019
75834;10/01/2018
200150;27/08/2020
50465;23/03/2011
172046;18/02/2020
200416;30/09/2020
206489;11/04/2023
213157;29/05/2025
149295;24/10/2019
205741;24/10/2022
203709;27/10/2021
214842;23/10/2025
179252;19/03/2020
50319;29/09/2010
215396;18/12/2025
213548;02/07/2025
209058;18/04/2024
50733;04/05/2012
50930;26/11/2012
95469;27/07/2018
210165;15/08/2024
203753;04/11/2021
209211;03/05/2024
215155;21/11/2025
50359;08/10/2010
216784;15/04/2026
210686;25/09/2024
50758;25/05/2012
209795;05/07/2024
200740;13/11/2020
216305;05/03/2026
106865;27/12/2018
84207;27/04/2018
202533;22/04/2021
50298;28/09/2010
200739;12/11/2020
207256;18/07/2023
216176;27/02/2026
70651;24/10/2017
206469;05/04/2023
211061;13/11/2024
205657;07/10/2022
207690;19/09/2023
209130;29/04/2024
204672;26/04/2022
206544;20/04/2023
216913;29/04/2026
214945;30/10/2025
207494;16/08/2023
205086;11/07/2022
205087;11/07/2022
207916;20/10/2023
104827;30/11/2018
66465;16/08/2017
126765;30/07/2019
172068;15/04/2020
114342;11/04/2019
210501;10/09/2024
217300;02/06/2026
210155;13/08/2024
216248;04/03/2026
205371;18/08/2022
98558;29/08/2018
211543;18/02/2025
207710;20/09/2023
206507;12/04/2023
51942;03/11/2016
149293;24/10/2019
205839;23/11/2022
214225;01/09/2025
51842;15/09/2016
215822;20/02/2026
50304;29/09/2010
50280;28/09/2010
76897;23/01/2018
214911;24/10/2025
211765;04/02/2025
213449;24/06/2025
214052;22/08/2025
214372;15/09/2025
62222;03/05/2017
70649;24/10/2017
205104;13/07/2022
50505;03/05/2011
214514;25/09/2025
209259;08/05/2024
203773;08/11/2021
201050;14/01/2021
208551;02/02/2024
215994;06/02/2026
211424;09/01/2025
209252;07/05/2024
82085;27/03/2018
207909;19/10/2023
148239;18/10/2019
216334;06/03/2026
216931;28/04/2026
212502;04/04/2025
217355;10/06/2026
213739;18/08/2025
216333;06/03/2026
75841;11/01/2018
216796;30/04/2026
51491;29/03/2016
87242;09/05/2018
50324;30/09/2010
114236;26/03/2019
101703;15/10/2018
50655;21/11/2011
216425;23/03/2026
207634;06/09/2023
57051;23/01/2017
214259;05/09/2025
217518;03/07/2026
208969;18/04/2024
153425;04/11/2019
212446;31/03/2025
51698;06/06/2016
203466;20/09/2021
212315;21/03/2025
206913;13/06/2023
55014;12/12/2016
216771;14/04/2026
179246;17/03/2020
216637;31/03/2026
202681;09/06/2021
206970;16/06/2023
206478;06/04/2023
216233;03/03/2026
215495;07/01/2026
140039;13/09/2019
67594;02/10/2017
206617;02/05/2023
214910;24/10/2025
217411;17/06/2026
215580;14/01/2026
212794;24/04/2025
209160;29/04/2024
203356;31/08/2021
206696;12/05/2023
190559;27/05/2020
209459;28/05/2024
200897;07/12/2020
51606;12/05/2016
204827;26/05/2022
211950;18/02/2025
205565;21/09/2022
204407;03/03/2022
180269;20/03/2020
211539;17/01/2025
210075;02/08/2024
211828;07/02/2025
204067;06/01/2022
114177;25/03/2019
211475;15/01/2025
208384;16/01/2024
50848;12/09/2012
213467;25/06/2025
207171;07/07/2023
112115;22/03/2019
215261;09/12/2025
211512;15/01/2025
210278;27/08/2024
216064;13/02/2026
57030;05/01/2017
208091;22/11/2023
216288;05/03/2026
206822;29/05/2023
214103;25/08/2025
208875;19/03/2024
124724;26/07/2019
208194;11/12/2023
213101;21/05/2025
214896;30/10/2025
113154;22/03/2019
208257;26/12/2023
92391;28/06/2018
206515;13/04/2023
206167;08/02/2023
204127;13/01/2022
214740;20/10/2025
214424;06/10/2025
207351;31/07/2023
100653;03/10/2018
211597;27/01/2025
198030;17/08/2020
196916;27/07/2020
200367;28/09/2020
202947;12/07/2021
209622;18/06/2024
208891;26/03/2024
216114;19/02/2026
206057;19/01/2023
58071;06/02/2017
211295;11/12/2024
217009;06/05/2026
66435;27/07/2017
204524;25/03/2022
216630;02/04/2026
207145;05/07/2023
217625;10/07/2026
208035;13/11/2023
206162;06/02/2023
209767;04/07/2024
208864;15/03/2024
200726;09/11/2020
57037;10/01/2017
201087;21/01/2021
208461;23/01/2024
179243;17/03/2020
203815;16/11/2021
206069;17/01/2023
209116;25/04/2024
162796;14/01/2020
212301;19/03/2025
213239;02/06/2025
210829;10/10/2024
206356;14/03/2023
207556;28/08/2023
203669;21/10/2021
202160;05/02/2021
106902;31/01/2019
206237;17/02/2023
205455;06/09/2022
207795;29/09/2023
212486;02/04/2025
206083;18/01/2023
200743;12/11/2020
203665;29/10/2021
209445;27/05/2024
208021;08/11/2023
209632;19/06/2024
217169;20/05/2026
213070;20/05/2025
213809;01/08/2025
206143;02/02/2023
101661;05/10/2018
106928;23/01/2019
213072;19/05/2025
205547;21/09/2022
209104;23/04/2024
51508;14/04/2016
200404;30/09/2020
201081;20/01/2021
101711;17/10/2018
210606;19/09/2024
50479;04/04/2011
50192;16/09/2010
216772;15/04/2026
202713;22/06/2021
215045;17/11/2025
212499;02/04/2025
213495;26/06/2025
50835;23/08/2012
51897;17/10/2016
207348;03/08/2023
215983;11/02/2026
202127;29/01/2021
74798;29/12/2017
207921;23/10/2023
185490;14/05/2020
100658;04/10/2018
211851;10/02/2025
209227;06/05/2024
210164;15/08/2024
206267;02/03/2023
184430;30/04/2020
145094;02/10/2019
206963;16/06/2023
204033;29/12/2021
205332;11/08/2022
216458;18/03/2026
92351;14/06/2018
208001;06/11/2023
50884;28/09/2012
202592;17/05/2021
214873;23/10/2025
67571;27/09/2017
204244;01/02/2022
204058;05/01/2022
216005;18/02/2026
95467;27/07/2018
214629;30/09/2025
215480;20/01/2026
202888;06/07/2021
208157;01/12/2023
203458;20/09/2021
183353;16/04/2020
51935;31/10/2016
74818;05/01/2018
211392;08/01/2025
50794;24/07/2012
64316;05/06/2017
205217;26/07/2022
208025;09/11/2023
207772;27/09/2023
212181;12/03/2025
106932;28/01/2019
203966;08/12/2021
211482;14/01/2025
212275;18/03/2025
112112;19/03/2019
210575;17/09/2024
214614;01/10/2025
206609;02/05/2023
208351;12/01/2024
203462;20/09/2021
203526;28/09/2021
207566;30/08/2023
212889;05/05/2025
206618;03/05/2023
213532;30/06/2025
210166;15/08/2024
210484;06/09/2024
214174;29/08/2025
215986;11/02/2026
213280;06/06/2025
98559;29/08/2018
206722;15/05/2023
211007;05/11/2024
51024;11/04/2013
209468;29/05/2024
88276;14/05/2018
51947;07/11/2016
208107;23/11/2023
67536;14/09/2017
198009;11/08/2020
208498;26/01/2024
202980;15/07/2021
203249;23/08/2021
200047;21/08/2020
217303;05/06/2026
50736;07/05/2012
212871;30/04/2025
216349;10/03/2026
211357;08/01/2025
216743;14/04/2026
210293;28/08/2024
146139;08/10/2019
215599;19/01/2026
209161;29/04/2024
207838;04/10/2023
209607;14/06/2024
211643;27/01/2025
161708;17/12/2019
217068;13/05/2026
205248;01/08/2022
206266;01/03/2023
196961;29/09/2020
67627;16/10/2017
203445;16/09/2021
203022;19/07/2021
208170;05/12/2023
205215;26/07/2022
207178;10/07/2023
204201;26/01/2022
205900;07/12/2022
214741;14/10/2025
212694;14/04/2025
50908;24/10/2012
205354;16/08/2022
208176;07/12/2023
205980;02/01/2023
57039;10/01/2017
203483;22/09/2021
51609;13/05/2016
51610;13/05/2016
215351;17/12/2025
110040;25/02/2019
67548;21/09/2017
175175;10/03/2020
206193;10/02/2023
167944;31/01/2020
200997;05/01/2021
92374;25/06/2018
207056;26/06/2023
209177;30/04/2024
79011;26/02/2018
191611;04/06/2020
215227;08/12/2025
212867;30/04/2025
206804;25/05/2023
212231;19/03/2025
50083;01/09/2010
78993;21/02/2018
209308;13/05/2024
202773;26/06/2021
209136;29/04/2024
215195;03/12/2025
212363;25/03/2025
160663;05/12/2019
205125;19/07/2022
50661;25/11/2011
213921;21/08/2025
70717;21/11/2017
211648;27/01/2025
214476;18/09/2025
206176;08/02/2023
213193;28/05/2025
133892;20/08/2019
51118;11/11/2013
203333;26/08/2021
213500;26/06/2025
51083;15/08/2013
50834;23/08/2012
50753;17/05/2012
197988;10/08/2020
51894;13/10/2016
212578;08/04/2025
88266;11/05/2018
51150;07/02/2014
205201;21/07/2022
204918;10/06/2022
50235;22/09/2010
191621;05/06/2020
76883;19/01/2018
205410;26/08/2022
63273;23/05/2017
82180;23/04/2018
202973;14/07/2021
212711;15/04/2025
206010;09/01/2023
214115;26/08/2025
208697;23/02/2024
206510;12/04/2023
50193;16/09/2010
50340;07/10/2010
202897;06/07/2021
211102;25/11/2024
206524;14/04/2023
212406;28/03/2025
51832;14/09/2016
213088;20/05/2025
213281;09/06/2025
211511;14/01/2025
210123;09/08/2024
51542;02/05/2016
202969;14/07/2021
212347;24/03/2025
211503;14/01/2025
215193;03/12/2025
207342;31/07/2023
51611;13/05/2016
210857;15/10/2024
214278;04/09/2025
68635;16/10/2017
51760;10/08/2016
213664;18/07/2025
216938;29/04/2026
50194;16/09/2010
63280;25/05/2017
211997;20/02/2025
200357;25/09/2020
50195;16/09/2010
211591;22/01/2025
204476;17/03/2022
214261;10/09/2025
50048;26/08/2010
211764;03/02/2025
205632;06/10/2022
214656;23/10/2025
207602;04/09/2023
68642;18/10/2017
90319;01/06/2018
51424;25/11/2015
51612;13/05/2016
51982;22/11/2016
203153;02/08/2021
209851;15/07/2024
208509;29/01/2024
61134;20/03/2017
205323;10/08/2022
210107;07/08/2024
203319;25/08/2021
51695;06/06/2016
169020;14/02/2020
216104;20/02/2026
203588;07/10/2021
214699;09/10/2025
205850;29/11/2022
204089;10/01/2022
179260;20/03/2020
214266;09/09/2025
216962;30/04/2026
114266;01/04/2019
203301;23/08/2021
50082;01/09/2010
212481;31/03/2025
214726;08/10/2025
209797;05/07/2024
208693;22/02/2024
217105;13/05/2026
207211;12/07/2023
51613;13/05/2016
211518;14/01/2025
206957;16/06/2023
51614;13/05/2016
203566;06/10/2021
211981;19/02/2025
202925;08/07/2021
204794;19/05/2022
216729;09/04/2026
133907;21/08/2019
89300;21/05/2018
213082;20/05/2025
203354;31/08/2021
209395;21/05/2024
217523;03/07/2026
76888;22/01/2018
204552;30/03/2022
213712;19/08/2025
181287;30/03/2020
92386;27/06/2018
215184;08/12/2025
164878;21/01/2020
213766;28/07/2025
200069;19/08/2020
82190;23/04/2018
214444;01/10/2025
202676;09/06/2021
213116;21/05/2025
211076;13/11/2024
209371;24/05/2024
203316;25/08/2021
163818;15/01/2020
203705;26/10/2021
132868;12/08/2019
206910;12/06/2023
205754;25/10/2022
200919;15/12/2020
209653;20/06/2024
206136;01/02/2023
67628;16/10/2017
158563;05/12/2019
202751;26/06/2021
93392;29/06/2018
215911;20/02/2026
207628;06/09/2023
210056;01/08/2024
216683;13/04/2026
207206;12/07/2023
205563;21/09/2022
215850;29/01/2026
176185;11/03/2020
205495;12/09/2022
89304;22/05/2018
204754;11/05/2022
217292;29/05/2026
205122;18/07/2022
208654;19/02/2024
214076;26/08/2025
211902;13/02/2025
213450;24/06/2025
114190;25/03/2019
216570;26/03/2026
216478;08/04/2026
51833;15/09/2016
215625;21/01/2026
214858;17/10/2025
50629;14/09/2011
211524;15/01/2025
206537;17/04/2023
208540;31/01/2024
210338;02/09/2024
61136;22/03/2017
50977;31/01/2013
211087;13/11/2024
203026;20/07/2021
215706;02/02/2026
107982;08/02/2019
204122;12/01/2022
61113;09/03/2017
210038;31/07/2024
216149;24/02/2026
202582;17/05/2021
213990;18/08/2025
215287;05/12/2025
206779;23/05/2023
212635;11/04/2025
205023;04/07/2022
217203;25/05/2026
214570;02/10/2025
212423;31/03/2025
204175;20/01/2022
64329;08/06/2017
209676;25/06/2024
50443;11/03/2011
51758;05/08/2016
210172;15/08/2024
104832;04/12/2018
158562;27/11/2019
51917;25/10/2016
93409;12/07/2018
104803;13/11/2018
131826;07/08/2019
205178;20/07/2022
209777;03/07/2024
208736;28/02/2024
196971;06/08/2020
50376;03/11/2010
206620;03/05/2023
206310;08/03/2023
173122;28/02/2020
206767;22/05/2023
216115;20/02/2026
205788;04/11/2022
203062;23/07/2021
206156;03/02/2023
216629;30/03/2026
210861;15/10/2024
217017;06/05/2026
210134;13/08/2024
216243;03/03/2026
202861;06/07/2021
183345;15/04/2020
203869;22/11/2021
50238;22/09/2010
214576;29/09/2025
207077;28/06/2023
51467;18/02/2016
51468;18/02/2016
212207;13/03/2025
203616;05/11/2021
215784;02/02/2026
209129;25/04/2024
200652;27/10/2020
191619;04/06/2020
214133;27/08/2025
212416;28/03/2025
57053;23/01/2017
210536;13/09/2024
50346;07/10/2010
64321;07/06/2017
50490;19/04/2011
90332;06/06/2018
202747;26/06/2021
208978;08/04/2024
210945;24/10/2024
200599;21/10/2020
217059;15/05/2026
204054;04/01/2022
213707;25/07/2025
208776;05/03/2024
215815;27/01/2026
210028;29/07/2024
209594;13/06/2024
202802;26/06/2021
74829;09/01/2018
203760;04/11/2021
107975;07/02/2019
106866;27/12/2018
102726;31/01/2019
50036;16/08/2010
101705;15/10/2018
50061;30/08/2010
210811;09/10/2024
203770;05/11/2021
209059;18/04/2024
212924;06/05/2025
207926;23/10/2023
206885;07/06/2023
77961;08/02/2018
200458;09/10/2020
200583;20/10/2020
51932;28/10/2016
133898;20/08/2019
51720;20/06/2016
208689;22/02/2024
202876;04/07/2021
211865;11/02/2025
215560;13/01/2026
212268;17/03/2025
72754;06/12/2017
204756;12/05/2022
207405;07/08/2023
205786;18/11/2022
185486;14/05/2020
203390;08/09/2021
216756;13/04/2026
202554;04/05/2021
113153;22/03/2019
51425;25/11/2015
202204;11/02/2021
204955;21/06/2022
206468;11/04/2023
216538;07/04/2026
107994;25/03/2019
214882;23/10/2025
157515;21/11/2019
200074;21/08/2020
192630;09/06/2020
153460;11/11/2019
215747;19/02/2026
202735;22/06/2021
214519;29/09/2025
51646;20/05/2016
206095;20/01/2023
50363;08/10/2010
51049;24/05/2013
203082;27/07/2021
203020;19/07/2021
51093;04/09/2013
114224;25/03/2019
102727;22/10/2018
209473;29/05/2024
169016;13/02/2020
203223;13/08/2021
52992;24/11/2016
213590;08/07/2025
205424;30/08/2022
206650;10/05/2023
66450;03/08/2017
51076;01/08/2013
51162;25/02/2014
206535;17/04/2023
208376;15/01/2024
51647;20/05/2016
216814;16/04/2026
200525;14/10/2020
122610;24/06/2019
215861;30/01/2026
209989;24/07/2024
204155;17/01/2022
210938;24/10/2024
203057;23/07/2021
114349;11/04/2019
51313;17/03/2015
50928;19/11/2012
205339;12/08/2022
165900;23/01/2020
86226;07/05/2018
212856;29/04/2025
214984;05/11/2025
203670;21/10/2021
67631;16/10/2017
214439;23/09/2025
209670;24/06/2024
206697;17/05/2023
66368;03/07/2017
76890;22/01/2018
215555;12/01/2026
196966;06/08/2020
66360;23/06/2017
202759;26/06/2021
50452;14/03/2011
202943;12/07/2021
200126;26/08/2020
162768;07/01/2020
162795;14/01/2020
207756;26/09/2023
202816;26/06/2021
203066;23/07/2021
204831;26/05/2022
153456;06/11/2019
192660;16/06/2020
100610;17/09/2018
204990;01/07/2022
51711;08/06/2016
205856;25/11/2022
202267;24/02/2021
51831;13/09/2016
213451;24/06/2025
203054;26/07/2021
209186;02/05/2024
182302;03/04/2020
210255;27/08/2024
213839;05/08/2025
216607;02/04/2026
173159;04/03/2020
63255;16/05/2017
204592;06/04/2022
209906;16/07/2024
51768;18/08/2016
205092;13/07/2022
138993;04/09/2019
50779;20/06/2012
215511;12/01/2026
87243;09/05/2018
203053;22/07/2021
51648;20/05/2016
208356;12/01/2024
208154;30/11/2023
200295;16/09/2020
203482;22/09/2021
68636;17/10/2017
50785;29/06/2012
203367;01/09/2021
212267;17/03/2025
51437;26/01/2016
196872;16/07/2020
203543;29/09/2021
51171;25/03/2014
216603;02/04/2026
203868;22/11/2021
70694;07/11/2017
114227;26/03/2019
212178;12/03/2025
212757;17/04/2025
104800;13/11/2018
205833;22/11/2022
206231;16/02/2023
200718;10/11/2020
50236;22/09/2010
208070;17/11/2023
51919;26/10/2016
50768;01/06/2012
202334;05/03/2021
200268;10/09/2020
208547;01/02/2024
206335;10/03/2023
51721;20/06/2016
206050;13/01/2023
206937;15/06/2023
214607;02/10/2025
79025;28/02/2018
205247;29/07/2022
51649;23/05/2016
148262;22/10/2019
213108;21/05/2025
51718;17/06/2016
212234;01/04/2025
208396;17/01/2024
203366;01/09/2021
61149;23/03/2017
76921;29/01/2018
203826;17/11/2021
203703;26/10/2021
50072;31/08/2010
215470;09/01/2026
63271;22/05/2017
204817;24/05/2022
203312;24/08/2021
51650;23/05/2016
200349;29/09/2020
50985;07/02/2013
213584;15/07/2025
217555;01/07/2026
208149;30/11/2023
211472;14/01/2025
216447;16/03/2026
50075;31/08/2010
206552;19/04/2023
67588;29/09/2017
217317;03/06/2026
214437;19/09/2025
205765;04/11/2022
210209;20/08/2024
162751;03/01/2020
203214;12/08/2021
125733;25/07/2019
207957;27/10/2023
205830;21/11/2022
212109;28/02/2025
211778;04/02/2025
206612;02/05/2023
66438;31/07/2017
203217;16/08/2021
209746;01/07/2024
214059;21/08/2025
198022;14/08/2020
215687;03/03/2026
204034;23/12/2021
205262;02/08/2022
62209;27/04/2017
61115;13/03/2017
204522;25/03/2022
209854;15/07/2024
67610;05/10/2017
50388;23/11/2010
210608;19/09/2024
206964;16/06/2023
207013;21/06/2023
203010;19/07/2021
98579;05/09/2018
212739;16/04/2025
50070;31/08/2010
205877;02/12/2022
101693;11/10/2018
213501;26/06/2025
215649;08/04/2026
217222;25/05/2026
51651;23/05/2016
51958;14/11/2016
96497;09/08/2018
206531;17/04/2023
51975;18/11/2016
160674;09/12/2019
51652;23/05/2016
215832;04/02/2026
211525;15/01/2025
202817;26/06/2021
152355;31/10/2019
50196;16/09/2010
216493;23/03/2026
214244;10/09/2025
61086;16/02/2017
51160;25/02/2014
116470;06/05/2019
203635;19/10/2021
209337;16/05/2024
206046;13/01/2023
217113;15/05/2026
210785;04/10/2024
208178;07/12/2023
50927;12/11/2012
207245;17/07/2023
204182;24/01/2022
111090;17/04/2019
201094;22/01/2021
62161;29/03/2017
79001;22/02/2018
88267;11/05/2018
51653;23/05/2016
53995;28/11/2016
211027;06/11/2024
213857;11/08/2025
205694;17/10/2022
50237;22/09/2010
212402;03/04/2025
87244;09/05/2018
208389;16/01/2024
103775;08/11/2018
206984;19/06/2023
202229;19/02/2021
200131;27/08/2020
104823;28/11/2018
50991;18/02/2013
50065;31/08/2010
50383;09/11/2010
50090;02/09/2010
200461;06/10/2020
206284;03/03/2023
50197;16/09/2010
200060;19/08/2020
200650;27/10/2020
209230;06/05/2024
210744;01/10/2024
205887;06/12/2022
214128;29/08/2025
181278;25/03/2020
205345;17/08/2022
217671;10/07/2026
212351;25/03/2025
208462;23/01/2024
204680;28/04/2022
203524;28/09/2021
196912;27/07/2020
59090;13/02/2017
213423;20/06/2025
204386;23/02/2022
213482;25/06/2025
204169;19/01/2022
211068;13/11/2024
207833;11/10/2023
134910;23/08/2019
203509;24/09/2021
66455;09/08/2017
50949;09/01/2013
95471;27/07/2018
210926;23/10/2024
179240;17/03/2020
66380;06/07/2017
200948;18/12/2020
70746;30/11/2017
215952;06/02/2026
51654;23/05/2016
207831;03/10/2023
208026;09/11/2023
101712;17/10/2018
51907;24/10/2016
50497;28/04/2011
213118;21/05/2025
217592;30/06/2026
210124;09/08/2024
51655;23/05/2016
208595;06/02/2024
88292;16/05/2018
209921;16/07/2024
200214;04/09/2020
208208;12/12/2023
202834;04/07/2021
210331;02/09/2024
50120;08/09/2010
207146;14/07/2023
50209;17/09/2010
149298;28/10/2019
217146;18/05/2026
98564;30/08/2018
202756;26/06/2021
200626;23/10/2020
50372;08/10/2010
211779;04/02/2025
96515;15/08/2018
92379;25/06/2018
153461;11/11/2019
66478;22/08/2017
206131;31/01/2023
51656;23/05/2016
211678;28/01/2025
191616;04/06/2020
209128;25/04/2024
50890;16/10/2012
111044;26/02/2019
50988;08/02/2013
206692;11/05/2023
216050;11/02/2026
106945;31/01/2019
212564;07/04/2025
50952;14/01/2013
50343;07/10/2010
50035;16/08/2010
101681;09/10/2018
50515;19/05/2011
50769;01/06/2012
102735;23/10/2018
51854;21/09/2016
89305;22/05/2018
61109;07/03/2017
65342;19/06/2017
165902;24/01/2020
107991;11/02/2019
84208;27/04/2018
50203;17/09/2010
217197;28/05/2026
215192;11/12/2025
212159;10/03/2025
206654;08/05/2023
160696;11/12/2019
208068;17/11/2023
214757;10/10/2025
212391;27/03/2025
211721;03/02/2025
209214;03/05/2024
201034;14/01/2021
214681;23/10/2025
213863;11/08/2025
209228;06/05/2024
206907;12/06/2023
214114;25/08/2025
211983;19/02/2025
213884;12/08/2025
209232;07/05/2024
104808;21/11/2018
65338;14/06/2017
51164;11/03/2014
215324;11/12/2025
51657;23/05/2016
173157;05/03/2020
51057;06/06/2013
51658;23/05/2016
203972;09/12/2021
204403;03/03/2022
208720;28/02/2024
200832;26/11/2020
139033;13/09/2019
50786;02/07/2012
203518;27/09/2021
217438;17/06/2026
50208;17/09/2010
51659;24/05/2016
207951;13/11/2023
215597;20/01/2026
202993;15/07/2021
215753;27/01/2026
214745;17/10/2025
200436;01/10/2020
62164;30/03/2017
211388;08/01/2025
215729;02/02/2026
212263;17/03/2025
173118;27/02/2020
162811;15/01/2020
209798;05/07/2024
59091;13/02/2017
50064;31/08/2010
161699;13/12/2019
67545;20/09/2017
206749;18/05/2023
206978;19/06/2023
216812;20/04/2026
112134;22/03/2019
51660;24/05/2016
206668;09/05/2023
114223;29/03/2019
191614;04/06/2020
214802;15/10/2025
124706;17/07/2019
204658;18/04/2022
202738;22/06/2021
51045;16/05/2013
208860;15/03/2024
210245;27/08/2024
50889;10/10/2012
215888;04/02/2026
204856;31/05/2022
207841;04/10/2023
213535;01/07/2025
214875;23/10/2025
192640;11/06/2020
216477;08/04/2026
51113;29/10/2013
89303;22/05/2018
212482;01/04/2025
209090;23/04/2024
202552;03/05/2021
159614;29/11/2019
215326;19/12/2025
182310;06/04/2020
203441;16/09/2021
164880;20/01/2020
202123;28/01/2021
212988;12/05/2025
114219;25/03/2019
185446;08/05/2020
205702;18/10/2022
214443;03/10/2025
211038;08/11/2024
209117;25/04/2024
216404;17/03/2026
213603;07/07/2025
213966;19/08/2025
209131;29/04/2024
214786;13/10/2025
217452;15/06/2026
216732;09/04/2026
215355;16/12/2025
208115;24/11/2023
211854;10/02/2025
203052;22/07/2021
216284;05/03/2026
209045;17/04/2024
216013;13/02/2026
210899;18/10/2024
211521;15/01/2025
216205;02/03/2026
216705;08/04/2026
216086;18/02/2026
211596;27/01/2025
210927;23/10/2024
216293;05/03/2026
209102;23/04/2024
215008;05/11/2025
209019;12/04/2024
217345;08/06/2026
208285;04/01/2024
217193;21/05/2026
206037;11/01/2023
216452;16/03/2026
216011;13/02/2026
210482;06/09/2024
208294;05/01/2024
214856;17/10/2025
215494;06/01/2026
50424;02/02/2011
50703;27/03/2012
205845;29/11/2022
166923;30/01/2020
216482;19/03/2026
205200;21/07/2022
217475;17/06/2026
209071;22/04/2024
216998;08/05/2026
213845;05/08/2025
205773;31/10/2022
212872;30/04/2025
210802;08/10/2024
51000;25/02/2013
50630;14/09/2011
210185;19/08/2024
205720;19/10/2022
210634;20/09/2024
70693;07/11/2017
116455;03/05/2019
153433;05/11/2019
88257;10/05/2018
50052;27/08/2010
214852;29/10/2025
62198;26/04/2017
118491;15/05/2019
202232;22/02/2021
51662;24/05/2016
214008;20/08/2025
54008;02/12/2016
62192;24/04/2017
207129;04/07/2023
162798;14/01/2020
216088;18/02/2026
50652;11/11/2011
209668;24/06/2024
50691;16/02/2012
109007;15/02/2019
51852;21/09/2016
203674;21/10/2021
114210;04/04/2019
162757;06/01/2020
206834;30/05/2023
213492;26/06/2025
196944;03/08/2020
66413;19/07/2017
50119;08/09/2010
213020;13/05/2025
212891;07/05/2025
130801;28/08/2019
166910;28/01/2020
51663;24/05/2016
100656;03/10/2018
208834;13/03/2024
115444;30/04/2019
215833;04/02/2026
216360;12/03/2026
212984;12/05/2025
214926;04/11/2025
208260;27/12/2023
203641;18/10/2021
139028;09/09/2019
50063;31/08/2010
214621;29/09/2025
206238;22/02/2023
209301;16/05/2024
114344;11/04/2019
50202;17/09/2010
196914;27/07/2020
50923;06/11/2012
50174;16/09/2010
195807;08/07/2020
209194;02/05/2024
216910;28/04/2026
77969;09/02/2018
216959;04/05/2026
215225;16/12/2025
50911;25/10/2012
104817;26/11/2018
101691;11/10/2018
55018;12/12/2016
107985;11/02/2019
145106;02/10/2019
67538;14/09/2017
215603;14/01/2026
208241;22/12/2023
213787;30/07/2025
211097;18/11/2024
50960;15/01/2013
67540;18/09/2017
215760;02/02/2026
153424;04/11/2019
101680;09/10/2018
182290;30/03/2020
193694;18/06/2020
51290;01/12/2014
51616;16/05/2016
213579;17/07/2025
51617;16/05/2016
200569;16/10/2020
212131;10/03/2025
213505;27/06/2025
50391;30/11/2010
50423;02/02/2011
208492;26/01/2024
168996;14/02/2020
215221;08/12/2025
203325;25/08/2021
215612;02/02/2026
211373;07/01/2025
122584;14/06/2019
50982;05/02/2013
50021;12/08/2010
200158;28/08/2020
207896;18/10/2023
50685;14/02/2012
206676;10/05/2023
208740;28/02/2024
213241;02/06/2025
212415;28/03/2025
206279;08/03/2023
214265;11/09/2025
157554;26/11/2019
212087;26/02/2025
213751;23/07/2025
200597;21/10/2020
202242;05/03/2021
215120;19/11/2025
214252;03/09/2025
214533;25/09/2025
215966;06/02/2026
206463;04/04/2023
122603;18/06/2019
214616;07/10/2025
214541;24/09/2025
204463;11/03/2022
216044;13/02/2026
212289;18/03/2025
209810;08/07/2024
202368;25/03/2021
217525;23/06/2026
208052;14/11/2023
210958;28/10/2024
200819;24/11/2020
50671;09/01/2012
208053;16/11/2023
211700;30/01/2025
212611;09/04/2025
101694;11/10/2018
209790;04/07/2024
216140;24/02/2026
209425;27/05/2024
211599;27/01/2025
114209;25/03/2019
204021;20/12/2021
214457;19/09/2025
206698;12/05/2023
114226;26/03/2019
152403;01/11/2019
203067;26/07/2021
214380;12/09/2025
214963;03/11/2025
200480;08/10/2020
101700;11/10/2018
100650;03/10/2018
203648;19/10/2021
203460;20/09/2021
208767;01/03/2024
203288;20/08/2021
51187;23/04/2014
206294;10/03/2023
203471;21/09/2021
211620;28/01/2025
210373;04/09/2024
216716;10/04/2026
213728;07/08/2025
50676;27/01/2012
207967;01/11/2023
53996;28/11/2016
213665;11/08/2025
148243;24/10/2019
117489;13/05/2019
212990;12/05/2025
207395;04/08/2023
50034;16/08/2010
212405;28/03/2025
216070;19/02/2026
208670;21/02/2024
209244;07/05/2024
212540;04/04/2025
207310;26/07/2023
210654;23/09/2024
206028;11/01/2023
211079;13/11/2024
204951;21/06/2022
210505;10/09/2024
213173;27/05/2025
169002;13/02/2020
209135;29/04/2024
216773;14/04/2026
146112;04/10/2019
216361;13/03/2026
171033;17/02/2020
213642;17/07/2025
217426;15/06/2026
207559;28/08/2023
110041;25/02/2019
61133;20/03/2017
215183;03/12/2025
76895;22/01/2018
214212;11/09/2025
209231;06/05/2024
217540;03/07/2026
202956;13/07/2021
101695;11/10/2018
51618;16/05/2016
210661;24/09/2024
124732;24/07/2019
203352;30/08/2021
203254;17/08/2021
209051;18/04/2024
214063;22/08/2025
201100;26/01/2021
50250;23/09/2010
195794;06/07/2020
204295;09/02/2022
214392;26/09/2025
205326;11/08/2022
50700;19/03/2012
51619;16/05/2016
213191;28/05/2025
70652;24/10/2017
150314;28/10/2019
50019;12/08/2010
216660;16/04/2026
211617;23/01/2025
215742;28/01/2026
51620;16/05/2016
205322;10/08/2022
202398;24/03/2021
207053;23/06/2023
201054;14/01/2021
203216;12/08/2021
50860;18/09/2012
214903;04/11/2025
82176;18/04/2018
202923;08/07/2021
50377;04/11/2010
176182;11/03/2020
100628;25/09/2018
216754;10/04/2026
96491;06/08/2018
136940;28/08/2019
208629;15/02/2024
209066;19/04/2024
148189;11/10/2019
51511;26/04/2016
51635;19/05/2016
200185;01/09/2020
212500;02/04/2025
215690;23/01/2026
214846;04/11/2025
208872;20/03/2024
207771;27/09/2023
206927;15/06/2023
211187;25/11/2024
209057;18/04/2024
215010;19/11/2025
200615;22/10/2020
62216;02/05/2017
202745;26/06/2021
68647;19/10/2017
203769;05/11/2021
208900;01/04/2024
200208;03/09/2020
202549;30/04/2021
76912;26/01/2018
216353;11/03/2026
122602;18/06/2019
209398;22/05/2024
184424;29/04/2020
75836;10/01/2018
200323;24/09/2020
51636;19/05/2016
50783;26/06/2012
203569;04/10/2021
215897;04/02/2026
202262;22/02/2021
50741;11/05/2012
51197;26/06/2014
210499;09/09/2024
50996;20/02/2013
213149;23/05/2025
213436;20/06/2025
106949;01/02/2019
51789;01/09/2016
66529;12/09/2017
217617;02/07/2026
210353;03/09/2024
50198;17/09/2010
51077;13/08/2013
51637;19/05/2016
148211;15/10/2019
50656;23/11/2011
204763;12/05/2022
66433;27/07/2017
73792;19/12/2017
75857;16/01/2018
207252;18/07/2023
205712;18/10/2022
51638;19/05/2016
213254;04/06/2025
212201;14/03/2025
72752;06/12/2017
210618;19/09/2024
215368;22/12/2025
50858;18/09/2012
79023;28/02/2018
50294;28/09/2010
210754;02/10/2024
210233;23/08/2024
210363;03/09/2024
209405;28/05/2024
216632;01/04/2026
209441;27/05/2024
203693;25/10/2021
67569;26/09/2017
196969;06/08/2020
211906;13/02/2025
214201;03/09/2025
208034;10/11/2023
208481;24/01/2024
205549;20/09/2022
211314;18/12/2024
205301;08/08/2022
212097;28/02/2025
207347;31/07/2023
185450;07/05/2020
215659;02/02/2026
211174;22/11/2024
205620;03/10/2022
213429;20/06/2025
214952;30/10/2025
162746;03/01/2020
207465;14/08/2023
202390;25/03/2021
215559;12/01/2026
196820;09/07/2020
213446;24/06/2025
59089;13/02/2017
207498;17/08/2023
216621;01/04/2026
200560;15/10/2020
114167;25/03/2019
200996;13/01/2021
212917;06/05/2025
215713;21/01/2026
206150;03/02/2023
207131;04/07/2023
210910;21/10/2024
213110;21/05/2025
211018;05/11/2024
215370;22/12/2025
209664;24/06/2024
114182;25/03/2019
200240;08/09/2020
215847;29/01/2026
215385;23/12/2025
213601;08/07/2025
211327;19/12/2024
206925;13/06/2023
204479;16/03/2022
210495;09/09/2024
208201;12/12/2023
211688;03/02/2025
212915;06/05/2025
217192;28/05/2026
212962;09/05/2025
202345;11/03/2021
214884;23/10/2025
208200;12/12/2023
215296;08/12/2025
200481;08/10/2020
122600;18/06/2019
167960;05/02/2020
163853;16/01/2020
181286;27/03/2020
217016;11/05/2026
97541;22/08/2018
51939;01/11/2016
200946;18/12/2020
211396;08/01/2025
207525;21/08/2023
208313;09/01/2024
57041;12/01/2017
216927;29/04/2026
213276;05/06/2025
51037;08/05/2013
203166;03/08/2021
211542;16/01/2025
213589;14/07/2025
215500;12/01/2026
204020;17/12/2021
50971;28/01/2013
201102;26/01/2021
215889;01/04/2026
213321;11/06/2025
211211;28/11/2024
51510;18/04/2016
202408;25/03/2021
50253;24/09/2010
211817;06/02/2025
62170;07/04/2017
89306;22/05/2018
203508;05/10/2021
51639;19/05/2016
213431;20/06/2025
212281;18/03/2025
66434;27/07/2017
50254;24/09/2010
214820;20/10/2025
87246;09/05/2018
200732;10/11/2020
67619;09/10/2017
205415;29/08/2022
50089;02/09/2010
50616;26/08/2011
107981;08/02/2019
208207;12/12/2023
50302;29/09/2010
216725;13/04/2026
210105;06/08/2024
204725;09/05/2022
213582;03/07/2025
211425;09/01/2025
204986;29/06/2022
204796;19/05/2022
205762;27/10/2022
200604;22/10/2020
214885;04/11/2025
204110;12/01/2022
51846;16/09/2016
216851;22/04/2026
215764;27/01/2026
214310;08/09/2025
211259;09/12/2024
183332;13/04/2020
207508;18/08/2023
212558;07/04/2025
211966;19/02/2025
207834;04/10/2023
208936;02/04/2024
67626;16/10/2017
214866;20/10/2025
212826;02/05/2025
204954;21/06/2022
210807;08/10/2024
203278;19/08/2021
217008;06/05/2026
209016;12/04/2024
206015;09/01/2023
200492;09/10/2020
208690;23/02/2024
205239;28/07/2022
213144;23/05/2025
210819;09/10/2024
214010;19/08/2025
204795;19/05/2022
205950;21/12/2022
204916;10/06/2022
212590;08/04/2025
211335;23/12/2024
208184;07/12/2023
120538;29/05/2019
213762;25/07/2025
213682;16/07/2025
216783;15/04/2026
216199;27/02/2026
211800;10/02/2025
209258;08/05/2024
205782;03/11/2022
203024;20/07/2021
217630;10/07/2026
107954;04/02/2019
80041;07/03/2018
51727;28/06/2016
51640;19/05/2016
212697;15/04/2025
209463;28/05/2024
50115;08/09/2010
203582;06/10/2021
202243;22/02/2021
51874;29/09/2016
215651;04/03/2026
206110;26/01/2023
212994;12/05/2025
176175;10/03/2020
208210;13/12/2023
203361;01/09/2021
216848;23/04/2026
208576;06/02/2024
210724;30/09/2024
210783;03/10/2024
206003;10/01/2023
88258;10/05/2018
50130;10/09/2010
212057;25/02/2025
152354;31/10/2019
204331;15/02/2022
50738;10/05/2012
50697;16/03/2012
209878;15/07/2024
213856;11/08/2025
207413;07/08/2023
132856;12/08/2019
202503;14/04/2021
217173;19/05/2026
215176;03/12/2025
66523;06/09/2017
203963;08/12/2021
203189;09/08/2021
215987;13/02/2026
206737;17/05/2023
51279;18/11/2014
67625;11/10/2017
114359;16/04/2019
146143;08/10/2019
124730;25/07/2019
204655;18/04/2022
211384;07/01/2025
100589;12/09/2018
205961;21/12/2022
63309;01/06/2017
76880;19/01/2018
51641;19/05/2016
50088;02/09/2010
87247;09/05/2018
216536;25/03/2026
217011;08/05/2026
122607;24/06/2019
205236;28/07/2022
88259;10/05/2018
206553;19/04/2023
204707;03/05/2022
203246;17/08/2021
135915;26/08/2019
212979;09/05/2025
215335;19/12/2025
76891;22/01/2018
75839;11/01/2018
104816;23/11/2018
214649;02/10/2025
72784;14/12/2017
208924;28/03/2024
202602;27/05/2021
62158;28/03/2017
210540;16/09/2024
101709;16/10/2018
200233;11/09/2020
212588;08/04/2025
208488;24/01/2024
210640;20/09/2024
207587;31/08/2023
213858;11/08/2025
214196;02/09/2025
209087;25/04/2024
207822;03/10/2023
117479;09/05/2019
173114;26/02/2020
76934;01/02/2018
212709;15/04/2025
210671;24/09/2024
206051;13/01/2023
213962;18/08/2025
204937;14/06/2022
50430;09/02/2011
201077;20/01/2021
50032;16/08/2010
214477;18/09/2025
209257;08/05/2024
206656;10/05/2023
211044;08/11/2024
65341;19/06/2017
209365;20/05/2024
212643;10/04/2025
210558;17/09/2024
210312;29/08/2024
106878;10/01/2019
207113;03/07/2023
50413;10/01/2011
212717;15/04/2025
66431;27/07/2017
208748;29/02/2024
50364;08/10/2010
216010;25/02/2026
203330;26/08/2021
112109;19/03/2019
207068;28/06/2023
50200;17/09/2010
96521;17/08/2018
51509;15/04/2016
213045;15/05/2025
208972;05/04/2024
203193;10/08/2021
208910;26/03/2024
200437;02/10/2020
208548;01/02/2024
107956;06/02/2019
114357;15/04/2019
200259;09/09/2020
70666;27/10/2017
211351;07/02/2025
205852;24/11/2022
82186;23/04/2018
215076;14/11/2025
215394;19/12/2025
217112;15/05/2026
205802;09/11/2022
203017;19/07/2021
215218;03/12/2025
207019;26/06/2023
51804;05/09/2016
202854;06/07/2021
208090;23/11/2023
206980;19/06/2023
206829;31/05/2023
207200;11/07/2023
208928;01/04/2024
210319;30/08/2024
207689;19/09/2023
208695;29/02/2024
216974;07/05/2026
206265;28/02/2023
216474;23/03/2026
209344;23/05/2024
206987;05/07/2023
210533;20/09/2024
201024;11/01/2021
200418;30/09/2020
202794;26/06/2021
157527;22/11/2019
207702;20/09/2023
182294;31/03/2020
211722;03/02/2025
50873;21/09/2012
215878;30/01/2026
207422;08/08/2023
51146;05/02/2014
217534;03/07/2026
50947;09/01/2013
50012;12/08/2010
214735;12/11/2025
211652;27/01/2025
214880;30/10/2025
215400;22/12/2025
50973;31/01/2013
159635;02/12/2019
215481;08/01/2026
212113;05/03/2025
212111;05/03/2025
213129;22/05/2025
200927;14/12/2020
212064;25/02/2025
204762;12/05/2022
66402;17/07/2017
215780;30/01/2026
217249;28/05/2026
66427;26/07/2017
148224;17/10/2019
217414;17/06/2026
196942;31/07/2020
210113;07/08/2024
204299;10/02/2022
210435;05/09/2024
210364;03/09/2024
212019;20/02/2025
204018;17/12/2021
109022;26/02/2019
106894;14/01/2019
206239;23/02/2023
204838;31/05/2022
209233;06/05/2024
214758;14/10/2025
205957;20/12/2022
210559;17/09/2024
196894;22/07/2020
205308;09/08/2022
182308;06/04/2020
213947;13/08/2025
211986;19/02/2025
82103;02/04/2018
215179;04/12/2025
153454;06/11/2019
213102;21/05/2025
210659;24/09/2024
216490;20/03/2026
92348;13/06/2018
164868;20/01/2020
212477;31/03/2025
213435;20/06/2025
200342;23/09/2020
114245;29/03/2019
202890;06/07/2021
87248;09/05/2018
51066;27/06/2013
70689;03/11/2017
210280;27/08/2024
202308;05/03/2021
96489;06/08/2018
50022;12/08/2010
207554;28/08/2023
183411;27/04/2020
210572;17/09/2024
202466;07/04/2021
51478;02/03/2016
147168;11/10/2019
203647;19/10/2021
51154;19/02/2014
204047;29/12/2021
66428;26/07/2017
51015;18/03/2013
204418;04/03/2022
175168;06/03/2020
51323;06/04/2015
216428;18/03/2026
217014;11/05/2026
212969;09/05/2025
212707;15/04/2025
67633;16/10/2017
214393;16/09/2025
214014;19/08/2025
66376;05/07/2017
212941;07/05/2025
206753;19/05/2023
204219;31/01/2022
199033;14/08/2020
203404;10/09/2021
214526;25/09/2025
51642;19/05/2016
213812;01/08/2025
198029;17/08/2020
212261;17/03/2025
213530;30/06/2025
202832;27/06/2021
50116;08/09/2010
51644;20/05/2016
51405;09/10/2015
81069;20/03/2018
51645;20/05/2016
51876;29/09/2016
160697;11/12/2019
51144;05/02/2014
157507;18/12/2019
50906;24/10/2012
209593;13/06/2024
206681;11/05/2023
200603;21/10/2020
92376;25/06/2018
205489;09/09/2022
212167;11/03/2025
204980;27/06/2022
210723;30/09/2024
209065;19/04/2024
215136;21/11/2025
195780;02/07/2020
75833;10/01/2018
169015;13/02/2020
208197;11/12/2023
212277;18/03/2025
213785;28/07/2025
208265;27/12/2023
214397;16/09/2025
207466;14/08/2023
215165;02/12/2025
215944;06/02/2026
205327;10/08/2022
217001;28/05/2026
217029;08/05/2026
208270;28/12/2023
203936;02/12/2021
208953;04/04/2024
202711;21/06/2021
206122;30/01/2023
208223;15/12/2023
208290;05/01/2024
51643;20/05/2016
215030;07/11/2025
217251;26/05/2026
123636;01/07/2019
74830;09/01/2018
204934;14/06/2022
98557;29/08/2018
110038;25/02/2019
123653;03/07/2019
210901;18/10/2024
193686;17/06/2020
183350;16/04/2020
203579;05/10/2021
155473;13/11/2019
84194;25/04/2018
214612;30/09/2025
86225;07/05/2018
204594;07/04/2022
77966;08/02/2018
215664;02/02/2026
202740;22/06/2021
200842;30/11/2020
51922;27/10/2016
98571;04/09/2018
206715;15/05/2023
115434;24/04/2019
202336;04/03/2021
202855;06/07/2021
203849;18/11/2021
204147;17/01/2022
202903;06/07/2021
205425;31/08/2022
209750;01/07/2024
76957;07/02/2018
208502;26/01/2024
54005;02/12/2016
51764;16/08/2016
211285;10/12/2024
202325;03/03/2021
212324;21/03/2025
207034;23/06/2023
204589;05/04/2022
153452;06/11/2019
215917;20/02/2026
207767;26/09/2023
66445;02/08/2017
205375;18/08/2022
205582;23/09/2022
214458;25/09/2025
215278;08/12/2025
213830;01/08/2025
204495;21/03/2022
202875;04/07/2021
207495;16/08/2023
213246;02/06/2025
182289;30/03/2020
216152;23/02/2026
204099;11/01/2022
202474;13/04/2021
106898;17/01/2019
202586;17/05/2021
217532;23/06/2026
203561;01/10/2021
87232;09/05/2018
214480;25/09/2025
208960;04/04/2024
64315;05/06/2017
70719;22/11/2017
70671;30/10/2017
204366;21/02/2022
203484;22/09/2021
202843;29/06/2021
215936;13/02/2026
203047;22/07/2021
213577;11/07/2025
204198;26/01/2022
207026;21/06/2023
217372;12/06/2026
211794;05/02/2025
51546;02/05/2016
210956;31/10/2024
57048;18/01/2017
211213;28/11/2024
66401;17/07/2017
208065;17/11/2023
206688;11/05/2023
204745;10/05/2022
92385;26/06/2018
204086;07/01/2022
211436;10/01/2025
200636;23/10/2020
214075;26/08/2025
216446;16/03/2026
208579;06/02/2024
208177;07/12/2023
207052;27/06/2023
210496;09/09/2024
50025;12/08/2010
208788;06/03/2024
205256;02/08/2022
210617;19/09/2024
202868;04/07/2021
195776;02/07/2020
216704;08/04/2026
204319;14/02/2022
210127;09/08/2024
67604;05/10/2017
204281;08/02/2022
208305;08/01/2024
214176;02/09/2025
208283;04/01/2024
57034;06/01/2017
50201;17/09/2010
214417;15/09/2025
208546;01/02/2024
188526;20/05/2020
211361;03/01/2025
200803;20/11/2020
207836;04/10/2023
89316;29/05/2018
66451;04/08/2017
215175;03/12/2025
183396;24/04/2020
50633;19/09/2011
93445;16/07/2018
205935;13/12/2022
208715;27/02/2024
183357;16/04/2020
214221;02/09/2025
214199;01/09/2025
191630;10/06/2020
217092;12/05/2026
214422;17/09/2025
202129;29/01/2021
193683;17/06/2020
51211;14/07/2014
140033;11/09/2019
210506;10/09/2024
70667;27/10/2017
213888;07/08/2025
213510;27/06/2025
206578;26/04/2023
50918;31/10/2012
204807;23/05/2022
122601;18/06/2019
200527;14/10/2020
212175;12/03/2025
206604;03/05/2023
70696;07/11/2017
204485;17/03/2022
212141;10/03/2025
212548;07/04/2025
209206;03/05/2024
206414;27/03/2023
212304;19/03/2025
209498;31/05/2024
207118;04/07/2023
207777;28/09/2023
208835;14/03/2024
204697;29/04/2022
212478;31/03/2025
213240;02/06/2025
203995;15/12/2021
88268;11/05/2018
204482;16/03/2022
206173;07/02/2023
114170;25/03/2019
203410;13/09/2021
200298;16/09/2020
214755;09/10/2025
209836;11/07/2024
206967;26/06/2023
209229;06/05/2024
210633;20/09/2024
66520;05/09/2017
196842;13/07/2020
209375;21/05/2024
214770;10/10/2025
208056;16/11/2023
213187;28/05/2025
205723;21/10/2022
217503;26/06/2026
189542;26/05/2020
207859;09/10/2023
51615;16/05/2016
206256;27/02/2023
67562;25/09/2017
208789;06/03/2024
201091;21/01/2021
210860;15/10/2024
176178;09/03/2020
200994;05/01/2021
211730;31/01/2025
50955;14/01/2013
62253;12/05/2017
124702;16/07/2019
208615;08/02/2024
207060;28/06/2023
209958;22/07/2024
200154;27/08/2020
204802;20/05/2022
214197;02/09/2025
51292;09/01/2015
206218;14/02/2023
50744;11/05/2012
216494;20/03/2026
213177;28/05/2025
213172;27/05/2025
212676;14/04/2025
206973;19/06/2023
213821;04/08/2025
111059;07/03/2019
211242;03/12/2024
205798;08/11/2022
213291;09/06/2025
206430;29/03/2023
145099;02/10/2019
196945;03/08/2020
203550;29/09/2021
203704;26/10/2021
51848;19/09/2016
215813;27/01/2026
207148;05/07/2023
65351;21/06/2017
215749;04/02/2026
210756;02/10/2024
209669;24/06/2024
205011;19/07/2022
212410;31/03/2025
209062;18/04/2024
61130;20/03/2017
207180;10/07/2023
202424;30/03/2021
205635;05/10/2022
216139;25/02/2026
209533;05/06/2024
106946;31/01/2019
194750;10/07/2020
204051;03/01/2022
209100;23/04/2024
57063;01/02/2017
215912;12/02/2026
51137;03/02/2014
208397;17/01/2024
211205;28/11/2024
50173;16/09/2010
205514;14/09/2022
207022;20/06/2023
50172;16/09/2010
209950;24/07/2024
51599;11/05/2016
51887;11/10/2016
67539;14/09/2017
50166;15/09/2010
203296;23/08/2021
203345;30/08/2021
51243;13/10/2014
215949;04/03/2026
209645;27/06/2024
51884;10/10/2016
203030;20/07/2021
212699;16/04/2025
208199;12/12/2023
212373;26/03/2025
51394;09/09/2015
202912;08/07/2021
212174;12/03/2025
217593;02/07/2026
216890;30/04/2026
210821;09/10/2024
212903;06/05/2025
192641;11/06/2020
66439;31/07/2017
51281;18/11/2014
51068;02/07/2013
148236;18/10/2019
67593;02/10/2017
205265;03/08/2022
101688;10/10/2018
210493;06/09/2024
202633;28/05/2021
205082;08/07/2022
92375;25/06/2018
208511;29/01/2024
66516;04/09/2017
86217;04/05/2018
204610;11/04/2022
106937;30/01/2019
196931;28/07/2020
203939;03/12/2021
203614;08/10/2021
204455;11/03/2022
202733;22/06/2021
211280;10/12/2024
203226;13/08/2021
148251;21/10/2019
200292;16/09/2020
209776;03/07/2024
200559;15/10/2020
211013;05/11/2024
217757;14/07/2026
211882;13/02/2025
212244;14/03/2025
200528;14/10/2020
215870;30/01/2026
204588;05/04/2022
212107;28/02/2025
182330;09/04/2020
207487;15/08/2023
204414;04/03/2022
202468;07/04/2021
206798;26/05/2023
51195;26/06/2014
200188;02/09/2020
116472;07/05/2019
216415;17/03/2026
210897;18/10/2024
210665;24/09/2024
210302;29/08/2024
213860;11/08/2025
211757;03/02/2025
210108;07/08/2024
216316;09/03/2026
211691;29/01/2025
142063;20/09/2019
212238;19/03/2025
213013;13/05/2025
216606;31/03/2026
121558;06/06/2019
208877;20/03/2024
67592;02/10/2017
209256;08/05/2024
210742;03/10/2024
213820;07/08/2025
51457;11/02/2016
50299;28/09/2010
216530;26/03/2026
203697;25/10/2021
51845;16/09/2016
51664;24/05/2016
51059;14/06/2013
177219;16/03/2020
50883;28/09/2012
206233;17/02/2023
208879;21/03/2024
204855;31/05/2022
62185;19/04/2017
205602;27/09/2022
94458;24/07/2018
213912;11/08/2025
213864;07/08/2025
215684;02/02/2026
202600;19/05/2021
101704;15/10/2018
50543;14/06/2011
209086;22/04/2024
202584;14/05/2021
82072;21/03/2018
208322;09/01/2024
210652;23/09/2024
107973;06/02/2019
206099;23/01/2023
114333;09/04/2019
212863;30/04/2025
217074;28/05/2026
200793;20/11/2020
200080;21/08/2020
209052;18/04/2024
214775;15/10/2025
50941;17/12/2012
51855;21/09/2016
51483;11/03/2016
111072;11/03/2019
208042;13/11/2023
217187;22/05/2026
151350;30/10/2019
215830;20/02/2026
132841;14/08/2019
74803;03/01/2018
204647;14/04/2022
200438;02/10/2020
51507;14/04/2016
206863;05/06/2023
213741;25/07/2025
210068;01/08/2024
206660;08/05/2023
212253;17/03/2025
209036;16/04/2024
74816;05/01/2018
124675;12/08/2019
216991;05/05/2026
210839;11/10/2024
200071;19/08/2020
193713;24/06/2020
208401;18/01/2024
213409;17/06/2025
207132;04/07/2023
203051;22/07/2021
200308;17/09/2020
115406;17/04/2019
114339;10/04/2019
207204;12/07/2023
51422;29/10/2015
50281;28/09/2010
198013;11/08/2020
204133;13/01/2022
185470;13/05/2020
213604;22/07/2025
207826;09/10/2023
115409;17/04/2019
196967;06/08/2020
200582;20/10/2020
50199;17/09/2010
213164;26/05/2025
204017;17/12/2021
148215;16/10/2019
214023;19/08/2025
51666;24/05/2016
50954;14/01/2013
66449;03/08/2017
51188;28/04/2014
202833;04/07/2021
216785;15/04/2026
152382;01/11/2019
212955;08/05/2025
96517;16/08/2018
216498;23/03/2026
214553;29/09/2025
212730;16/04/2025
203234;27/08/2021
67622;10/10/2017
203213;13/08/2021
51667;24/05/2016
217185;15/06/2026
193677;16/06/2020
186502;15/05/2020
176181;10/03/2020
76924;30/01/2018
50431;10/02/2011
50686;14/02/2012
66486;24/08/2017
212344;25/03/2025
212235;14/03/2025
202958;13/07/2021
202250;22/02/2021
114334;09/04/2019
211247;04/12/2024
212930;07/05/2025
50408;03/01/2011
215886;19/02/2026
204812;24/05/2022
150327;29/10/2019
211747;03/02/2025
213284;09/06/2025
211952;18/02/2025
207194;11/07/2023
202981;15/07/2021
82104;03/04/2018
50670;28/12/2011
66383;07/07/2017
121549;03/06/2019
201013;08/01/2021
51688;02/06/2016
82149;12/04/2018
206831;31/05/2023
162803;14/01/2020
96495;08/08/2018
204910;08/06/2022
205007;01/07/2022
204932;13/06/2022
102734;23/10/2018
122596;18/06/2019
211551;17/01/2025
212426;31/03/2025
215592;15/01/2026
66501;30/08/2017
202439;01/04/2021
213325;11/06/2025
59074;13/02/2017
208982;08/04/2024
214315;08/09/2025
168992;14/02/2020
202758;26/06/2021
76915;29/01/2018
208842;13/03/2024
106897;15/01/2019
207809;02/10/2023
209657;21/06/2024
51926;27/10/2016
50959;14/01/2013
207593;31/08/2023
206079;19/01/2023
202869;04/07/2021
79015;27/02/2018
50227;21/09/2010
203364;02/09/2021
50974;31/01/2013
51668;24/05/2016
208513;29/01/2024
212790;24/04/2025
66366;29/06/2017
111067;08/03/2019
208668;21/02/2024
50394;03/12/2010
51669;24/05/2016
210660;24/09/2024
200695;04/11/2020
216318;09/03/2026
51426;25/11/2015
190555;27/05/2020
217052;12/05/2026
213006;13/05/2025
209139;25/04/2024
209021;12/04/2024
214669;07/10/2025
213234;02/06/2025
215514;13/01/2026
114282;03/04/2019
214528;25/09/2025
211250;05/12/2024
205908;09/12/2022
205880;01/12/2022
206019;09/01/2023
100621;19/09/2018
208231;19/12/2023
210160;14/08/2024
203990;15/12/2021
209414;22/05/2024
200468;07/10/2020
202764;26/06/2021
206115;26/01/2023
204898;08/06/2022
176186;12/03/2020
62196;25/04/2017
206621;03/05/2023
114181;25/03/2019
216455;16/03/2026
207055;26/06/2023
208682;21/02/2024
215036;10/11/2025
216765;13/04/2026
206442;30/03/2023
114179;25/03/2019
214068;25/08/2025
210129;09/08/2024
207402;04/08/2023
208843;13/03/2024
212120;06/03/2025
63258;17/05/2017
142065;20/09/2019
214248;03/10/2025
215769;22/01/2026
216727;09/04/2026
207030;23/06/2023
208193;11/12/2023
200963;18/12/2020
51756;02/08/2016
206504;12/04/2023
207730;21/09/2023
212585;08/04/2025
196970;06/08/2020
203349;01/09/2021
204839;27/05/2022
214551;26/09/2025
217339;05/06/2026
173146;02/03/2020
207432;09/08/2023
196812;08/07/2020
217599;30/06/2026
50615;26/08/2011
211273;09/12/2024
210522;11/09/2024
214158;28/08/2025
213346;12/06/2025
106845;12/12/2018
213783;29/07/2025
155472;13/11/2019
209812;08/07/2024
50175;16/09/2010
51809;06/09/2016
51903;18/10/2016
203896;26/11/2021
82114;05/04/2018
216905;29/04/2026
215650;26/01/2026
173158;05/03/2020
204549;29/03/2022
51349;02/06/2015
211305;12/12/2024
50499;28/04/2011
203392;09/09/2021
216263;04/03/2026
63264;18/05/2017
212129;07/03/2025
209566;10/06/2024
212885;05/05/2025
50511;16/05/2011
201097;22/01/2021
210520;11/09/2024
51813;08/09/2016
205106;14/07/2022
204766;12/05/2022
203063;23/07/2021
185465;12/05/2020
213185;28/05/2025
62207;26/04/2017
206007;06/01/2023
215827;11/02/2026
215636;21/01/2026
63303;31/05/2017
208334;10/01/2024
202223;18/02/2021
116453;03/05/2019
210609;19/09/2024
101665;08/10/2018
212706;15/04/2025
51065;27/06/2013
50874;21/09/2012
205625;03/10/2022
194746;30/06/2020
104818;26/11/2018
213444;23/06/2025
203488;22/09/2021
210746;01/10/2024
209273;09/05/2024
147184;11/10/2019
207139;06/07/2023
212217;13/03/2025
202931;08/07/2021
214061;04/09/2025
79014;27/02/2018
215543;19/01/2026
205116;15/07/2022
211150;19/11/2024
212164;11/03/2025
205997;05/01/2023
211408;08/01/2025
209551;06/06/2024
207182;10/07/2023
205550;20/09/2022
204457;11/03/2022
209605;14/06/2024
50171;16/09/2010
162744;02/01/2020
213718;22/07/2025
203554;30/09/2021
204532;25/03/2022
209935;17/07/2024
51472;22/02/2016
65350;21/06/2017
208016;07/11/2023
203061;23/07/2021
206009;06/01/2023
207457;11/08/2023
100612;17/09/2018
157528;25/11/2019
50936;30/11/2012
208204;12/12/2023
203636;18/10/2021
214823;23/10/2025
84192;25/04/2018
202661;04/06/2021
212122;07/03/2025
127791;01/08/2019
160682;09/12/2019
206683;11/05/2023
209663;21/06/2024
211387;08/01/2025
103756;30/10/2018
136941;28/08/2019
205717;19/10/2022
202630;09/06/2021
106851;18/12/2018
205107;14/07/2022
57050;19/01/2017
216189;26/02/2026
76896;23/01/2018
209038;17/04/2024
202240;02/03/2021
216687;10/04/2026
190605;03/06/2020
78976;16/02/2018
206871;05/06/2023
50742;11/05/2012
202303;01/03/2021
156476;13/11/2019
51670;25/05/2016
50647;21/10/2011
51671;25/05/2016
66374;05/07/2017
202962;14/07/2021
209226;03/05/2024
209583;12/06/2024
93413;13/07/2018
51003;27/02/2013
208346;12/01/2024
179231;17/03/2020
216469;27/03/2026
214314;09/09/2025
200067;26/08/2020
50948;09/01/2013
212219;14/03/2025
167958;05/02/2020
52990;23/11/2016
50396;03/12/2010
106930;24/01/2019
50177;16/09/2010
206720;18/05/2023
212901;06/05/2025
51977;18/11/2016
66385;10/07/2017
50121;08/09/2010
207089;29/06/2023
99585;12/09/2018
206480;10/04/2023
206467;04/04/2023
101663;08/10/2018
217196;25/05/2026
200881;04/12/2020
205963;21/12/2022
213972;20/08/2025
200397;30/09/2020
202442;05/04/2021
207638;08/09/2023
209785;05/07/2024
209764;02/07/2024
212229;19/03/2025
200296;16/09/2020
50488;19/04/2011
161704;16/12/2019
112116;22/03/2019
76887;22/01/2018
50986;08/02/2013
203741;29/10/2021
51056;06/06/2013
202806;28/06/2021
212603;09/04/2025
50945;08/01/2013
216076;24/02/2026
210277;28/08/2024
59079;13/02/2017
50667;06/12/2011
214130;26/08/2025
50315;29/09/2010
208723;28/02/2024
213621;23/07/2025
62165;31/03/2017
216996;08/05/2026
215103;18/11/2025
202191;09/02/2021
215290;09/12/2025
206145;02/02/2023
207811;02/10/2023
50998;25/02/2013
50122;09/09/2010
211070;13/11/2024
50358;08/10/2010
205283;04/08/2022
66442;01/08/2017
51055;04/06/2013
209933;17/07/2024
205315;09/08/2022
210276;27/08/2024
50176;16/09/2010
50069;31/08/2010
183387;22/04/2020
50339;04/10/2010
51156;19/02/2014
135930;26/08/2019
213210;02/06/2025
114235;27/03/2019
50693;29/02/2012
216479;19/03/2026
165909;28/01/2020
50645;13/10/2011
203578;05/10/2021
213253;04/06/2025
117476;09/05/2019
200979;28/12/2020
215031;10/11/2025
62166;04/04/2017
67609;05/10/2017
202167;09/02/2021
62205;26/04/2017
97533;24/08/2018
212774;22/04/2025
210678;24/09/2024
51672;25/05/2016
203084;28/07/2021
216527;25/03/2026
214113;29/08/2025
211594;27/01/2025
135912;05/09/2019
50113;08/09/2010
212308;20/03/2025
213998;18/08/2025
135919;26/08/2019
207867;10/10/2023
211078;13/11/2024
210115;08/08/2024
209912;15/07/2024
208646;21/02/2024
213229;30/05/2025
206530;17/04/2023
121562;10/06/2019
213174;27/05/2025
210247;26/08/2024
206771;23/05/2023
209357;17/05/2024
214967;04/11/2025
117478;09/05/2019
51091;28/08/2013
215637;20/01/2026
206285;03/03/2023
207703;20/09/2023
204716;11/05/2022
213668;31/07/2025
216614;08/04/2026
213196;28/05/2025
211560;17/01/2025
200924;14/12/2020
216112;20/02/2026
216957;04/05/2026
152384;01/11/2019
214029;21/08/2025
51166;17/03/2014
209842;15/07/2024
50023;12/08/2010
216593;02/04/2026
214215;01/09/2025
211976;19/02/2025
211740;31/01/2025
101713;17/10/2018
202611;21/05/2021
216700;13/04/2026
50178;16/09/2010
204254;03/02/2022
210548;16/09/2024
168977;07/02/2020
66362;28/06/2017
200609;23/10/2020
200634;26/10/2020
200801;07/12/2020
200601;21/10/2020
201067;19/01/2021
200372;28/09/2020
50325;30/09/2010
76959;07/02/2018
76955;06/02/2018
65344;19/06/2017
212118;06/03/2025
86214;04/05/2018
213558;04/07/2025
50382;09/11/2010
68648;23/10/2017
90326;29/06/2018
213703;22/07/2025
76902;23/01/2018
204777;16/05/2022
204657;18/04/2022
214488;26/09/2025
206462;04/04/2023
50214;20/09/2010
114404;16/04/2019
201056;15/01/2021
50127;09/09/2010
146120;07/10/2019
170024;14/02/2020
59075;13/02/2017
203919;29/11/2021
162779;09/01/2020
204605;08/04/2022
50322;30/09/2010
82110;04/04/2018
51204;08/07/2014
215411;12/01/2026
51140;04/02/2014
209323;15/05/2024
202885;06/07/2021
50292;28/09/2010
194726;29/06/2020
202130;31/01/2021
213402;20/06/2025
213841;18/08/2025
205460;05/09/2022
157518;21/11/2019
77964;08/02/2018
202666;07/06/2021
200760;16/11/2020
196851;13/07/2020
209541;06/06/2024
204993;29/06/2022
209306;13/05/2024
50274;28/09/2010
213927;12/08/2025
66363;29/06/2017
200578;19/10/2020
196947;31/07/2020
213112;21/05/2025
213464;25/06/2025
213749;24/07/2025
175170;06/03/2020
155466;11/11/2019
115428;22/04/2019
164861;17/01/2020
202397;23/03/2021
50074;31/08/2010
211848;10/02/2025
114316;05/04/2019
208187;07/12/2023
106947;01/02/2019
202682;11/06/2021
202227;23/02/2021
82173;17/04/2018
212943;07/05/2025
51673;25/05/2016
66364;29/06/2017
50323;30/09/2010
216831;23/04/2026
202596;19/05/2021
207278;20/07/2023
200680;03/11/2020
167928;30/01/2020
212803;25/04/2025
81062;19/03/2018
197983;10/08/2020
200795;20/11/2020
217245;27/05/2026
84193;25/04/2018
158602;02/12/2019
57049;18/01/2017
200199;02/09/2020
183361;17/04/2020
196888;22/07/2020
66489;24/08/2017
119499;17/05/2019
104805;19/11/2018
173139;03/03/2020
206851;01/06/2023
66490;24/08/2017
179247;18/03/2020
66404;19/07/2017
204156;17/01/2022
165897;23/01/2020
204394;25/02/2022
185468;13/05/2020
207416;08/08/2023
215426;30/12/2025
209762;02/07/2024
209738;28/06/2024
216207;27/02/2026
81043;09/03/2018
209034;16/04/2024
202119;28/01/2021
190576;29/05/2020
214892;05/11/2025
216393;17/03/2026
204689;29/04/2022
209236;06/05/2024
204938;14/06/2022
202437;01/04/2021
204092;10/01/2022
167968;05/02/2020
209732;28/06/2024
200209;03/09/2020
86231;07/05/2018
210072;01/08/2024
217057;15/05/2026
211155;22/11/2024
106909;18/01/2019
208263;27/12/2023
215793;03/02/2026
56024;21/12/2016
191626;05/06/2020
215851;04/02/2026
215611;19/01/2026
50180;16/09/2010
200304;17/09/2020
51674;25/05/2016
211867;11/02/2025
75845;12/01/2018
152400;01/11/2019
206470;05/04/2023
83189;24/04/2018
106951;01/02/2019
209689;25/06/2024
172048;18/02/2020
122624;28/06/2019
51399;24/09/2015
205819;17/11/2022
93401;04/07/2018
210936;24/10/2024
203574;05/10/2021
215323;11/12/2025
114208;25/03/2019
153432;05/11/2019
202338;04/03/2021
212384;26/03/2025
203473;22/09/2021
196922;28/07/2020
202153;04/02/2021
50749;17/05/2012
209082;22/04/2024
200375;28/09/2020
208378;16/01/2024
203056;23/07/2021
163855;16/01/2020
211784;04/02/2025
205722;19/10/2022
209469;29/05/2024
103757;30/10/2018
50003;28/06/2010
51830;13/09/2016
203283;20/08/2021
214909;30/10/2025
208173;06/12/2023
216034;13/02/2026
213795;29/07/2025
216928;29/04/2026
50820;20/08/2012
209078;22/04/2024
216264;04/03/2026
200313;18/09/2020
210215;21/08/2024
215207;03/12/2025
212143;10/03/2025
214474;18/09/2025
66472;17/08/2017
172050;18/02/2020
206917;12/06/2023
212462;01/04/2025
214685;10/10/2025
203512;24/09/2021
202771;26/06/2021
211533;16/01/2025
202276;01/03/2021
208538;30/01/2024
205804;10/11/2022
208226;19/12/2023
212385;26/03/2025
166920;30/01/2020
211194;04/12/2024
154465;13/11/2019
63308;01/06/2017
50124;09/09/2010
135927;26/08/2019
209496;31/05/2024
215903;02/02/2026
207820;03/10/2023
101687;10/10/2018
72755;06/12/2017
157497;14/11/2019
76906;24/01/2018
181279;25/03/2020
90331;06/06/2018
203781;11/11/2021
203981;09/12/2021
132888;14/08/2019
209518;03/06/2024
167935;31/01/2020
213625;11/07/2025
206063;17/01/2023
212986;12/05/2025
205060;08/07/2022
213055;16/05/2025
77973;09/02/2018
203937;03/12/2021
216435;19/03/2026
202872;06/07/2021
201011;12/01/2021
51853;21/09/2016
93412;12/07/2018
206717;15/05/2023
212779;29/04/2025
204273;04/02/2022
67544;20/09/2017
86219;04/05/2018
214789;13/10/2025
66420;24/07/2017
207288;21/07/2023
139004;05/09/2019
110028;22/02/2019
51921;27/10/2016
51940;01/11/2016
183393;24/04/2020
171043;18/02/2020
146117;04/10/2019
186491;14/05/2020
207935;24/10/2023
217406;11/06/2026
115433;24/04/2019
210940;24/10/2024
214024;29/08/2025
214462;18/09/2025
70697;07/11/2017
114186;25/03/2019
204612;11/04/2022
203564;04/10/2021
217206;25/05/2026
200790;19/11/2020
67589;29/09/2017
212223;14/03/2025
106942;31/01/2019
203993;15/12/2021
205084;08/07/2022
107988;11/02/2019
64318;06/06/2017
215196;28/11/2025
202641;28/05/2021
202121;17/02/2021
213880;08/08/2025
200787;19/11/2020
161720;19/12/2019
216981;05/05/2026
206704;12/05/2023
212632;10/04/2025
204529;25/03/2022
200297;16/09/2020
82164;16/04/2018
133894;20/08/2019
205667;10/10/2022
213356;13/06/2025
213339;12/06/2025
196811;08/07/2020
214676;06/10/2025
51924;27/10/2016
207907;19/10/2023
200459;06/10/2020
203625;15/10/2021
210705;26/09/2024
51891;11/10/2016
75855;16/01/2018
206368;20/03/2023
204210;27/01/2022
200683;03/11/2020
214595;29/09/2025
66377;06/07/2017
203205;11/08/2021
200660;28/10/2020
205567;21/09/2022
207812;02/10/2023
63298;31/05/2017
200155;27/08/2020
82076;21/03/2018
210532;12/09/2024
202987;15/07/2021
50735;07/05/2012
204153;17/01/2022
209755;05/07/2024
207930;26/10/2023
206306;08/03/2023
209143;26/04/2024
151349;30/10/2019
206168;08/02/2023
212147;10/03/2025
82177;18/04/2018
211236;02/12/2024
82122;08/04/2018
210997;04/11/2024
95474;30/07/2018
50870;20/09/2012
50746;11/05/2012
213516;27/06/2025
211069;13/11/2024
206859;02/06/2023
206002;05/01/2023
200675;30/10/2020
214749;15/10/2025
208820;12/03/2024
208074;21/11/2023
214874;23/10/2025
214808;20/10/2025
212710;15/04/2025
209024;15/04/2024
196810;08/07/2020
205365;17/08/2022
51148;05/02/2014
137945;29/08/2019
216388;17/03/2026
211578;21/01/2025
51221;04/08/2014
215622;21/01/2026
208203;12/12/2023
124725;24/07/2019
203463;20/09/2021
66502;30/08/2017
210594;18/09/2024
208869;19/03/2024
50664;28/11/2011
216341;09/03/2026
204715;04/05/2022
216902;04/05/2026
214674;03/10/2025
204387;22/02/2022
216787;17/04/2026
200723;09/11/2020
213201;02/06/2025
212686;14/04/2025
206666;09/05/2023
216862;23/04/2026
211759;03/02/2025
215681;19/01/2026
212205;19/03/2025
200600;22/10/2020
200812;23/11/2020
217683;07/07/2026
209221;03/05/2024
114323;08/04/2019
210294;28/08/2024
205964;22/12/2022
212740;17/04/2025
206521;14/04/2023
207045;23/06/2023
51107;24/10/2013
202498;13/04/2021
211246;04/12/2024
217444;17/06/2026
213521;30/06/2025
216809;16/04/2026
208331;10/01/2024
205524;16/09/2022
213138;22/05/2025
205368;18/08/2022
208381;16/01/2024
200317;23/09/2020
215164;02/12/2025
213754;23/07/2025
216430;19/03/2026
51258;10/11/2014
51800;05/09/2016
204342;15/02/2022
162809;14/01/2020
145083;30/09/2019
211421;09/01/2025
211809;06/02/2025
215848;04/02/2026
114351;11/04/2019
100611;17/09/2018
115416;22/04/2019
153431;05/11/2019
213645;15/07/2025
210018;29/07/2024
215109;19/11/2025
209692;25/06/2024
176177;09/03/2020
209595;13/06/2024
203078;27/07/2021
203208;11/08/2021
215161;03/12/2025
196873;16/07/2020
209771;02/07/2024
87235;09/05/2018
215910;03/02/2026
204238;31/01/2022
217562;01/07/2026
208623;09/02/2024
208886;21/03/2024
203973;09/12/2021
211680;28/01/2025
210525;11/09/2024
56023;20/12/2016
208762;01/03/2024
216335;10/03/2026
214831;30/10/2025
207653;12/09/2023
204184;24/01/2022
102740;25/10/2018
215715;21/01/2026
61138;22/03/2017
214073;22/08/2025
203080;27/07/2021
209649;21/06/2024
202859;04/07/2021
171039;17/02/2020
207135;04/07/2023
210753;01/10/2024
208438;19/01/2024
205056;06/07/2022
72756;07/12/2017
208703;26/02/2024
205393;24/08/2022
205630;04/10/2022
211265;09/12/2024
204765;12/05/2022
211021;05/11/2024
217451;16/06/2026
203376;06/09/2021
200806;20/11/2020
210900;21/10/2024
148269;22/10/2019
124721;25/07/2019
203649;19/10/2021
204270;04/02/2022
205099;13/07/2022
208436;19/01/2024
216346;10/03/2026
208009;06/11/2023
211165;21/11/2024
206763;22/05/2023
183349;16/04/2020
214861;23/10/2025
211979;19/02/2025
206828;30/05/2023
205616;29/09/2022
216409;17/03/2026
212146;10/03/2025
217328;03/06/2026
50084;01/09/2010
212396;28/03/2025
211052;11/11/2024
208063;17/11/2023
212218;14/03/2025
206581;26/04/2023
214228;03/09/2025
103758;30/10/2018
207185;10/07/2023
208780;05/03/2024
212751;17/04/2025
216561;27/03/2026
77963;08/02/2018
214454;18/09/2025
211856;10/02/2025
203865;22/11/2021
217213;25/05/2026
210136;13/08/2024
200876;04/12/2020
215954;06/02/2026
211289;11/12/2024
209604;14/06/2024
215728;30/01/2026
208718;21/03/2024
211704;30/01/2025
213892;28/08/2025
208281;04/01/2024
210977;31/10/2024
205666;10/10/2022
204297;10/02/2022
216366;11/03/2026
72774;12/12/2017
92390;27/06/2018
214602;29/09/2025
107980;08/02/2019
202562;07/05/2021
51849;19/09/2016
213062;16/05/2025
203415;13/09/2021
207847;06/10/2023
204151;17/01/2022
171041;17/02/2020
147153;09/10/2019
146148;09/10/2019
86218;04/05/2018
50293;28/09/2010
92342;11/06/2018
210125;09/08/2024
207406;09/08/2023
206102;26/01/2023
215879;30/01/2026
62188;19/04/2017
209243;07/05/2024
204881;06/06/2022
208681;22/02/2024
213236;02/06/2025
195796;06/07/2020
51438;27/01/2016
210175;15/08/2024
201017;11/01/2021
211782;04/02/2025
55009;06/12/2016
216615;07/04/2026
204499;21/03/2022
207423;08/08/2023
210071;15/08/2024
215066;12/11/2025
215551;02/02/2026
200810;09/12/2020
82187;23/04/2018
79029;02/03/2018
50666;01/12/2011
210969;29/10/2024
214768;15/10/2025
216391;08/04/2026
67546;21/09/2017
86227;07/05/2018
166927;30/01/2020
137985;04/09/2019
87249;09/05/2018
209447;27/05/2024
139006;05/09/2019
184431;04/05/2020
50353;07/10/2010
202354;09/03/2021
148207;15/10/2019
51261;10/11/2014
51877;29/09/2016
216244;03/03/2026
205447;01/09/2022
212878;02/05/2025
215661;27/01/2026
50024;12/08/2010
207312;26/07/2023
50239;22/09/2010
50847;12/09/2012
61102;02/03/2017
107998;13/02/2019
101698;11/10/2018
71748;04/12/2017
50674;16/01/2012
204483;17/03/2022
102719;19/10/2018
50821;20/08/2012
101714;17/10/2018
202145;03/02/2021
213556;11/07/2025
50866;19/09/2012
209978;23/07/2024
203684;25/10/2021
72758;07/12/2017
203442;16/09/2021
209040;17/04/2024
203627;18/10/2021
213304;10/06/2025
50287;28/09/2010
211008;05/11/2024
207201;12/07/2023
50068;31/08/2010
213075;19/05/2025
203168;04/08/2021
207571;29/08/2023
206378;17/03/2023
209749;01/07/2024
205406;25/08/2022
215544;20/01/2026
214912;24/10/2025
204622;13/04/2022
200320;21/09/2020
209080;25/04/2024
211288;10/12/2024
211562;17/01/2025
215593;19/01/2026
51152;07/02/2014
202147;03/02/2021
51767;17/08/2016
148241;18/10/2019
207832;03/10/2023
216650;08/04/2026
204108;12/01/2022
207555;28/08/2023
202139;02/02/2021
212902;05/05/2025
50179;16/09/2010
205689;13/10/2022
212161;11/03/2025
202865;04/07/2021
142074;25/09/2019
200737;11/11/2020
205738;24/10/2022
209111;24/04/2024
206113;26/01/2023
200118;25/08/2020
82168;16/04/2018
217033;08/05/2026
126768;30/07/2019
200763;16/11/2020
196913;27/07/2020
204226;31/01/2022
114358;15/04/2019
70722;22/11/2017
207161;06/07/2023
217620;10/07/2026
214636;30/09/2025
208631;15/02/2024
185451;07/05/2020
206287;06/03/2023
202330;04/03/2021
203861;19/11/2021
203412;13/09/2021
66524;08/09/2017
63286;26/05/2017
51925;27/10/2016
207819;03/10/2023
208528;30/01/2024
203828;17/11/2021
101662;08/10/2018
209936;17/07/2024
216225;02/03/2026
51953;10/11/2016
215232;08/12/2025
212860;29/04/2025
210951;31/10/2024
205481;08/09/2022
207751;26/09/2023
202206;11/02/2021
209772;02/07/2024
50926;08/11/2012
61137;22/03/2017
211198;27/11/2024
217492;18/06/2026
208078;21/11/2023
203377;06/09/2021
202805;26/06/2021
205858;25/11/2022
203393;09/09/2021
208959;04/04/2024
194721;26/06/2020
214031;18/08/2025
107996;13/02/2019
207968;07/11/2023
207858;09/10/2023
200440;06/10/2020
205205;22/07/2022
214230;04/09/2025
209534;05/06/2024
200912;10/12/2020
161735;30/12/2019
92361;19/06/2018
201078;20/01/2021
204515;24/03/2022
50378;04/11/2010
210246;26/08/2024
121548;03/06/2019
51389;19/08/2015
204987;29/06/2022
211855;10/02/2025
50659;24/11/2011
213658;17/07/2025
216980;07/05/2026
173145;02/03/2020
202213;17/02/2021
208996;09/04/2024
194735;29/06/2020
214453;25/09/2025
210786;04/10/2024
84195;25/04/2018
214368;02/10/2025
213448;24/06/2025
216745;13/04/2026
76907;24/01/2018
204820;30/05/2022
200880;04/12/2020
50934;30/11/2012
215679;23/01/2026
216484;24/03/2026
215190;01/12/2025
209152;29/04/2024
208937;02/04/2024
213889;11/08/2025
203609;08/10/2021
50454;16/03/2011
200100;25/08/2020
50263;27/09/2010
204845;30/05/2022
76882;19/01/2018
82107;04/04/2018
204491;18/03/2022
207158;06/07/2023
157505;19/11/2019
209803;05/07/2024
204286;08/02/2022
212152;10/03/2025
207285;21/07/2023
211563;20/01/2025
211613;23/01/2025
210904;21/10/2024
114241;28/03/2019
200466;07/10/2020
203086;29/07/2021
214412;16/09/2025
197979;10/08/2020
160677;09/12/2019
214900;12/11/2025
177223;16/03/2020
216303;05/03/2026
193692;18/06/2020
106879;10/01/2019
215359;16/12/2025
208096;22/11/2023
210672;24/09/2024
215497;13/01/2026
213209;04/06/2025
192669;16/06/2020
103769;06/11/2018
202103;28/01/2021
51751;26/07/2016
51218;31/07/2014
200557;23/10/2020
50712;03/04/2012
217329;03/06/2026
206506;20/04/2023
51787;01/09/2016
160695;11/12/2019
70726;23/11/2017
205311;09/08/2022
101707;15/10/2018
92358;15/06/2018
202707;17/06/2021
147167;10/10/2019
67595;03/10/2017
64320;07/06/2017
209698;26/06/2024
205730;20/10/2022
126767;30/07/2019
205763;27/10/2022
100652;03/10/2018
50931;27/11/2012
213630;29/07/2025
209505;31/05/2024
203935;03/12/2021
51274;12/11/2014
93444;16/07/2018
148235;17/10/2019
206638;03/05/2023
215021;10/11/2025
203601;07/10/2021
57027;04/01/2017
202339;08/03/2021
205285;04/08/2022
214053;26/08/2025
210196;19/08/2024
88269;11/05/2018
209852;12/07/2024
200886;07/12/2020
211833;07/02/2025
214782;23/10/2025
205884;05/12/2022
147155;09/10/2019
208818;12/03/2024
208417;17/01/2024
207496;22/08/2023
152358;31/10/2019
206518;13/04/2023
206825;29/05/2023
217667;10/07/2026
214787;14/10/2025
206844;07/06/2023
196828;09/07/2020
206152;06/02/2023
214366;11/09/2025
200663;28/10/2020
202189;09/02/2021
51856;21/09/2016
203280;20/08/2021
70739;28/11/2017
111048;28/02/2019
203414;16/09/2021
206134;09/02/2023
211554;22/01/2025
213305;10/06/2025
98552;28/08/2018
215156;02/12/2025
184437;04/05/2020
70683;01/11/2017
50262;27/09/2010
207542;23/08/2023
203294;23/08/2021
78991;20/02/2018
209001;10/04/2024
66423;24/07/2017
206523;14/04/2023
210703;26/09/2024
212357;31/03/2025
79032;05/03/2018
203016;19/07/2021
51724;27/06/2016
206791;24/05/2023
215314;29/12/2025
50852;12/09/2012
179233;17/03/2020
215486;20/01/2026
66479;22/08/2017
207949;26/10/2023
214694;08/10/2025
215004;05/11/2025
181277;24/03/2020
50472;29/03/2011
66408;19/07/2017
215484;14/01/2026
217386;12/06/2026
203586;07/10/2021
51234;19/09/2014
206246;24/02/2023
67555;22/09/2017
202991;16/07/2021
208754;29/02/2024
79034;05/03/2018
214688;10/10/2025
202469;07/04/2021
204141;17/01/2022
210099;06/08/2024
51326;08/04/2015
206909;12/06/2023
200198;02/09/2020
216328;09/03/2026
204072;07/01/2022
214129;03/09/2025
206857;02/06/2023
205471;06/09/2022
211084;13/11/2024
101674;08/10/2018
74796;27/12/2017
203744;01/11/2021
210130;12/08/2024
214947;30/10/2025
211811;05/02/2025
196923;28/07/2020
124704;17/07/2019
206765;22/05/2023
51739;11/07/2016
203745;01/11/2021
214094;29/08/2025
206433;29/03/2023
216157;24/02/2026
212575;07/04/2025
216145;26/02/2026
204183;24/01/2022
200380;29/09/2020
63279;24/05/2017
208520;29/01/2024
209397;21/05/2024
51955;11/11/2016
200401;30/09/2020
207727;22/09/2023
208867;19/03/2024
206451;03/04/2023
50518;25/05/2011
50240;22/09/2010
208360;12/01/2024
206275;02/03/2023
71749;04/12/2017
50548;14/06/2011
208904;25/03/2024
202734;22/06/2021
215809;04/02/2026
50045;24/08/2010
50491;20/04/2011
208179;06/12/2023
78977;16/02/2018
106871;07/01/2019
207828;03/10/2023
82129;09/04/2018
200715;09/11/2020
50348;07/10/2010
50345;07/10/2010
217233;28/05/2026
215170;03/12/2025
50725;25/04/2012
50059;30/08/2010
215301;15/12/2025
211603;23/01/2025
207749;25/09/2023
50241;22/09/2010
214280;05/09/2025
66509;01/09/2017
210676;24/09/2024
116458;06/05/2019
63263;18/05/2017
215584;15/01/2026
57043;16/01/2017
206687;11/05/2023
62203;26/04/2017
98573;05/09/2018
209328;15/05/2024
205374;18/08/2022
171037;17/02/2020
215550;23/02/2026
206833;30/05/2023
92356;15/06/2018
216811;16/04/2026
214319;08/09/2025
213353;13/06/2025
185464;13/05/2020
215191;03/12/2025
211350;02/01/2025
208961;04/04/2024
206236;17/02/2023
209072;19/04/2024
208343;11/01/2024
76905;24/01/2018
202367;15/03/2021
50207;17/09/2010
51051;27/05/2013
51968;17/11/2016
205874;30/11/2022
214833;23/10/2025
208916;27/03/2024
207762;26/09/2023
215934;20/02/2026
127766;31/07/2019
215940;12/02/2026
191612;04/06/2020
204292;09/02/2022
106950;01/02/2019
215378;17/12/2025
200980;04/01/2021
204850;31/05/2022
214697;10/10/2025
208219;14/12/2023
205511;14/09/2022
50112;08/09/2010
204832;26/05/2022
211231;02/12/2024
204525;25/03/2022
114296;05/04/2019
124685;12/07/2019
106864;26/12/2018
215774;02/02/2026
209446;27/05/2024
88248;10/05/2018
205947;20/12/2022
207024;06/07/2023
208217;13/12/2023
107999;13/02/2019
106936;28/01/2019
214400;12/09/2025
214949;30/10/2025
109025;20/02/2019
176183;10/03/2020
76939;01/02/2018
207431;09/08/2023
209012;11/04/2024
183347;15/04/2020
212753;17/04/2025
200396;30/09/2020
216616;01/04/2026
51762;12/08/2016
209612;17/06/2024
153458;11/11/2019
211520;15/01/2025
206427;28/03/2023
64337;12/06/2017
209794;05/07/2024
109023;20/02/2019
51147;05/02/2014
66419;21/07/2017
160698;12/12/2019
212361;28/03/2025
213092;20/05/2025
114238;26/03/2019
210853;21/10/2024
88286;14/05/2018
104824;28/11/2018
207748;02/10/2023
214159;28/08/2025
216213;09/03/2026
205904;08/12/2022
217517;22/06/2026
209033;16/04/2024
215231;09/12/2025
202741;22/06/2021
211340;26/12/2024
196974;07/08/2020
114402;16/04/2019
125739;26/07/2019
50814;16/08/2012
205456;02/09/2022
209294;13/05/2024
206259;01/03/2023
51870;27/09/2016
217488;26/06/2026
88270;11/05/2018
84206;27/04/2018
208380;16/01/2024
50513;16/05/2011
203005;19/07/2021
213734;13/08/2025
202364;12/03/2021
62220;02/05/2017
207718;25/09/2023
51811;06/09/2016
96492;06/08/2018
202815;26/06/2021
208327;09/01/2024
204088;11/01/2022
202375;19/03/2021
51790;01/09/2016
100584;11/09/2018
207419;11/08/2023
209311;13/05/2024
208905;26/03/2024
50242;22/09/2010
215787;29/01/2026
206229;15/02/2023
114294;05/04/2019
70713;16/11/2017
50181;16/09/2010
217437;16/06/2026
175167;06/03/2020
87250;09/05/2018
205360;16/08/2022
101715;17/10/2018
162745;02/01/2020
202894;06/07/2021
206690;15/05/2023
196978;07/08/2020
157485;14/11/2019
106875;09/01/2019
97521;20/08/2018
50829;21/08/2012
207051;27/06/2023
50096;06/09/2010
103755;30/10/2018
206897;12/06/2023
213311;10/06/2025
216162;25/02/2026
66527;11/09/2017
51952;08/11/2016
204641;13/04/2022
180277;24/03/2020
208302;08/01/2024
77971;09/02/2018
72765;08/12/2017
211043;08/11/2024
82089;27/03/2018
208316;09/01/2024
204373;21/02/2022
216504;24/03/2026
206747;18/05/2023
88295;16/05/2018
51731;29/06/2016
196880;21/07/2020
106895;15/01/2019
204574;04/04/2022
132870;13/08/2019
51020;02/04/2013
153442;06/11/2019
207766;26/09/2023
208952;04/04/2024
201001;12/01/2021
210792;07/10/2024
50425;02/02/2011
207522;21/08/2023
207169;10/07/2023
215167;02/12/2025
207247;17/07/2023
206295;06/03/2023
103752;29/10/2018
208909;25/03/2024
51969;17/11/2016
206068;16/01/2023
79016;27/02/2018
212639;10/04/2025
50182;16/09/2010
87251;09/05/2018
217139;15/05/2026
205994;05/01/2023
131828;06/08/2019
205728;20/10/2022
213089;20/05/2025
215828;29/01/2026
51282;18/11/2014
205492;09/09/2022
209192;02/05/2024
200685;03/11/2020
66448;03/08/2017
212619;09/04/2025
50920;06/11/2012
205872;30/11/2022
205577;22/09/2022
125734;25/07/2019
200464;07/10/2020
62168;05/04/2017
82133;10/04/2018
214256;16/09/2025
101685;10/10/2018
200815;24/11/2020
200711;10/11/2020
209345;17/05/2024
202857;04/07/2021
112102;15/03/2019
209577;12/06/2024
208857;14/03/2024
54006;02/12/2016
181283;26/03/2020
81053;14/03/2018
159661;05/12/2019
60075;13/02/2017
205500;12/09/2022
202619;25/05/2021
208598;07/02/2024
51267;11/11/2014
50038;17/08/2010
70707;16/11/2017
50215;20/09/2010
208398;17/01/2024
148193;14/10/2019
203315;25/08/2021
206565;24/04/2023
215234;08/12/2025
200613;22/10/2020
207664;13/09/2023
200789;19/11/2020
204761;12/05/2022
67567;26/09/2017
195787;03/07/2020
158582;27/11/2019
206286;03/03/2023
114330;09/04/2019
206348;14/03/2023
76945;02/02/2018
217533;25/06/2026
79008;26/02/2018
65348;20/06/2017
208243;22/12/2023
62229;04/05/2017
139008;05/09/2019
50487;14/04/2011
204930;17/06/2022
195779;02/07/2020
205660;07/10/2022
107970;05/02/2019
50907;24/10/2012
82087;27/03/2018
65349;20/06/2017
210110;07/08/2024
50788;06/07/2012
161715;18/12/2019
50672;12/01/2012
100639;05/10/2018
196856;14/07/2020
208292;05/01/2024
50737;08/05/2012
215064;17/11/2025
203434;16/09/2021
50997;25/02/2013
207451;10/08/2023
50987;08/02/2013
206081;18/01/2023
208669;21/02/2024
209332;15/05/2024
203282;20/08/2021
202285;25/02/2021
211054;11/11/2024
62240;09/05/2017
100609;17/09/2018
206580;27/04/2023
209597;13/06/2024
207752;26/09/2023
212914;06/05/2025
216150;25/02/2026
206223;14/02/2023
209753;01/07/2024
202188;09/02/2021
205789;04/11/2022
51490;28/03/2016
67606;05/10/2017
51463;12/02/2016
207614;04/09/2023
210605;19/09/2024
200971;12/01/2021
208855;14/03/2024
200406;30/09/2020
206888;07/06/2023
203391;08/09/2021
205380;19/08/2022
119504;21/05/2019
214478;23/09/2025
216507;26/03/2026
120518;22/05/2019
102737;23/10/2018
51933;28/10/2016
211534;16/01/2025
211162;21/11/2024
70684;03/11/2017
180260;19/03/2020
213824;01/08/2025
162780;09/01/2020
204619;13/04/2022
206471;06/04/2023
50625;06/09/2011
51052;28/05/2013
140053;17/09/2019
207433;09/08/2023
187514;18/05/2020
50683;08/02/2012
131808;05/08/2019
203743;29/10/2021
106901;17/01/2019
216776;14/04/2026
212993;12/05/2025
209537;06/06/2024
211827;07/02/2025
206355;14/03/2023
210966;29/10/2024
207577;30/08/2023
203154;02/08/2021
68640;18/10/2017
51908;24/10/2016
206482;10/04/2023
207073;28/06/2023
208719;27/02/2024
115438;25/04/2019
212256;17/03/2025
50872;21/09/2012
101666;08/10/2018
205764;27/10/2022
207885;16/10/2023
212016;20/02/2025
182307;06/04/2020
215285;09/12/2025
210119;08/08/2024
131812;06/08/2019
51916;25/10/2016
207474;14/08/2023
215810;27/01/2026
216495;20/03/2026
217563;26/06/2026
214985;06/11/2025
210704;26/09/2024
211158;21/11/2024
216394;31/03/2026
208803;07/03/2024
209816;10/07/2024
148213;16/10/2019
207864;17/10/2023
217449;17/06/2026
209756;02/07/2024
85213;02/05/2018
211218;28/11/2024
88274;14/05/2018
61100;23/02/2017
204981;27/06/2022
215528;20/01/2026
82165;16/04/2018
164891;21/01/2020
206269;01/03/2023
203531;29/09/2021
67576;27/09/2017
216551;31/03/2026
214195;02/09/2025
115429;23/04/2019
75843;12/01/2018
215433;12/01/2026
214879;22/10/2025
95482;03/08/2018
161700;13/12/2019
142066;20/09/2019
216451;16/03/2026
207736;22/09/2023
210902;21/10/2024
200156;27/08/2020
200189;02/09/2020
112107;18/03/2019
210305;29/08/2024
211923;14/02/2025
213743;25/07/2025
210538;16/09/2024
207291;24/07/2023
214718;08/10/2025
51311;12/03/2015
212354;25/03/2025
215963;20/02/2026
203961;07/12/2021
205658;07/10/2022
51911;25/10/2016
212443;28/03/2025
214859;23/10/2025
207620;05/09/2023
61095;22/02/2017
200707;06/11/2020
215756;26/01/2026
206939;15/06/2023
202814;26/06/2021
158568;26/11/2019
106881;10/01/2019
101672;08/10/2018
213876;05/08/2025
51858;22/09/2016
215639;02/02/2026
215537;03/02/2026
214137;27/08/2025
51265;11/11/2014
210943;24/10/2024
212330;21/03/2025
207825;03/10/2023
76948;05/02/2018
202128;29/01/2021
217435;16/06/2026
214855;17/10/2025
212671;11/04/2025
215744;02/02/2026
171032;17/02/2020
217515;23/06/2026
51240;10/10/2014
215447;30/12/2025
203762;04/11/2021
206495;11/04/2023
207063;28/06/2023
200218;08/09/2020
57025;26/12/2016
217699;10/07/2026
212813;25/04/2025
208805;12/03/2024
216289;05/03/2026
209184;02/05/2024
200108;25/08/2020
187513;18/05/2020
217209;05/06/2026
209461;28/05/2024
214118;26/08/2025
212536;04/04/2025
203046;22/07/2021
206874;05/06/2023
176179;12/03/2020
210850;14/10/2024
211411;08/01/2025
215211;04/12/2025
102732;22/10/2018
215858;30/01/2026
210810;09/10/2024
215098;18/11/2025
211483;15/01/2025
216461;17/03/2026
214434;19/09/2025
51111;29/10/2013
50349;07/10/2010
210171;15/08/2024
192637;10/06/2020
216832;22/04/2026
202383;19/03/2021
203421;14/09/2021
67596;03/10/2017
204262;04/02/2022
62254;12/05/2017
50244;22/09/2010
200125;26/08/2020
74819;07/01/2018
76951;05/02/2018
50384;09/11/2010
57035;06/01/2017
177213;16/03/2020
204253;03/02/2022
210544;16/09/2024
200282;15/09/2020
93397;03/07/2018
50915;30/10/2012
206396;22/03/2023
203600;07/10/2021
76925;30/01/2018
50451;14/03/2011
104828;30/11/2018
200916;11/12/2020
51011;12/03/2013
209049;17/04/2024
50245;22/09/2010
132846;08/08/2019
50347;07/10/2010
203207;12/08/2021
200805;20/11/2020
207597;01/09/2023
77962;08/02/2018
50284;28/09/2010
217168;26/05/2026
50569;05/07/2011
214617;30/09/2025
51094;04/09/2013
139010;09/09/2019
205973;28/12/2022
204897;07/06/2022
209272;09/05/2024
202737;22/06/2021
72766;11/12/2017
200286;14/09/2020
206534;17/04/2023
211706;30/01/2025
50342;07/10/2010
214468;18/09/2025
50878;27/09/2012
192651;11/06/2020
213915;05/09/2025
210733;30/09/2024
209525;04/06/2024
214532;25/09/2025
206292;06/03/2023
212620;09/04/2025
190551;26/05/2020
50675;26/01/2012
215982;20/02/2026
204200;26/01/2022
203750;03/11/2021
204683;28/04/2022
158600;28/11/2019
201043;13/01/2021
205199;20/07/2022
213251;03/06/2025
202251;22/02/2021
202252;22/02/2021
120541;29/05/2019
212507;03/04/2025
212465;01/04/2025
214330;09/09/2025
200343;24/09/2020
98551;28/08/2018
124678;12/07/2019
202253;22/02/2021
70718;21/11/2017
101682;10/10/2018
215869;30/01/2026
212165;11/03/2025
215332;10/12/2025
50679;01/02/2012
215980;12/03/2026
113149;22/03/2019
216972;04/05/2026
216676;10/04/2026
217408;15/06/2026
203751;03/11/2021
183392;23/04/2020
205474;06/09/2022
76937;01/02/2018
205960;20/12/2022
133891;19/08/2019
209629;18/06/2024
214428;30/09/2025
205417;29/08/2022
51119;14/11/2013
208621;09/02/2024
216283;05/03/2026
107972;06/02/2019
213202;02/06/2025
214922;24/10/2025
50581;27/07/2011
208434;19/01/2024
207198;11/07/2023
204512;23/03/2022
209452;27/05/2024
64327;08/06/2017
51104;23/10/2013
214395;15/09/2025
50271;27/09/2010
205707;18/10/2022
209088;29/04/2024
204059;05/01/2022
115437;25/04/2019
200352;25/09/2020
212187;12/03/2025
65354;22/06/2017
75848;15/01/2018
51970;17/11/2016
203031;20/07/2021
200878;04/12/2020
213023;13/05/2025
213951;14/08/2025
214729;10/10/2025
207720;03/10/2023
70702;13/11/2017
205519;14/09/2022
208634;07/03/2024
204103;11/01/2022
204663;19/04/2022
213885;15/08/2025
213249;04/06/2025
213084;20/05/2025
202184;09/02/2021
211235;09/12/2024
200465;07/10/2020
216669;20/04/2026
124672;11/07/2019
74827;09/01/2018
167955;05/02/2020
216967;11/05/2026
62150;24/03/2017
74804;03/01/2018
216374;12/03/2026
211375;07/01/2025
50381;08/11/2010
204162;18/01/2022
206792;24/05/2023
127770;31/07/2019
216068;20/02/2026
106904;18/01/2019
136932;27/08/2019
215541;22/01/2026
213669;17/07/2025
81052;13/03/2018
66521;06/09/2017
217223;25/05/2026
104813;22/11/2018
195801;07/07/2020
216106;20/02/2026
182298;02/04/2020
50313;29/09/2010
215730;20/02/2026
161724;20/12/2019
210781;03/10/2024
76910;26/01/2018
207704;20/09/2023
216094;25/02/2026
204509;24/03/2022
138989;04/09/2019
104802;13/11/2018
51899;18/10/2016
204431;08/03/2022
195805;14/07/2020
75837;10/01/2018
215907;19/02/2026
210967;29/10/2024
215569;20/01/2026
62214;28/04/2017
209318;14/05/2024
214484;25/09/2025
197996;10/08/2020
93422;13/07/2018
215666;22/01/2026
208671;21/02/2024
208011;08/11/2023
121559;07/06/2019
205571;27/10/2022
206108;27/01/2023
210706;27/09/2024
213619;10/07/2025
104780;09/11/2018
211731;31/01/2025
203360;01/09/2021
100601;13/09/2018
165896;22/01/2020
210092;06/08/2024
200526;14/10/2020
200483;15/10/2020
208298;05/01/2024
51067;27/06/2013
133886;15/08/2019
213822;01/08/2025
200855;01/12/2020
50279;28/09/2010
114329;09/04/2019
213017;13/05/2025
206708;12/05/2023
207500;18/08/2023
206614;02/05/2023
203663;20/10/2021
50125;09/09/2010
51857;21/09/2016
210987;31/10/2024
217326;10/06/2026
82088;27/03/2018
213153;23/05/2025
50118;08/09/2010
51038;10/05/2013
50495;26/04/2011
205725;21/10/2022
50521;26/05/2011
209504;31/05/2024
213054;16/05/2025
50183;16/09/2010
206165;17/02/2023
135929;26/08/2019
66430;27/07/2017
51017;25/03/2013
212292;20/03/2025
209977;23/07/2024
205400;25/08/2022
163815;15/01/2020
215305;15/12/2025
203617;14/10/2021
50919;06/11/2012
214720;10/10/2025
206788;23/05/2023
214695;08/10/2025
215604;20/01/2026
50504;03/05/2011
84205;27/04/2018
201064;18/01/2021
192662;15/06/2020
196808;08/07/2020
207952;26/10/2023
209155;29/04/2024
202207;17/02/2021
152366;31/10/2019
177225;17/03/2020
51868;27/09/2016
206929;14/06/2023
206662;08/05/2023
50525;26/05/2011
64330;09/06/2017
51283;25/11/2014
209166;30/04/2024
114171;25/03/2019
50318;29/09/2010
214363;11/09/2025
115447;02/05/2019
207715;20/09/2023
160685;10/12/2019
216557;31/03/2026
209792;04/07/2024
202387;23/03/2021
52991;24/11/2016
216564;08/04/2026
208868;19/03/2024
209350;17/05/2024
213871;07/08/2025
214303;16/09/2025
202170;08/02/2021
203486;22/09/2021
206955;16/06/2023
202809;26/06/2021
205123;18/07/2022
200733;11/11/2020
82137;10/04/2018
50184;16/09/2010
211746;11/02/2025
200477;08/10/2020
66452;04/08/2017
209704;28/06/2024
203876;23/11/2021
196972;06/08/2020
203830;17/11/2021
207790;29/09/2023
206817;29/05/2023
211664;29/01/2025
51859;22/09/2016
62252;12/05/2017
204343;15/02/2022
66416;20/07/2017
208328;09/01/2024
94454;23/07/2018
72787;14/12/2017
139007;05/09/2019
208865;15/03/2024
211751;03/02/2025
196903;24/07/2020
50367;08/10/2010
50129;09/09/2010
50846;06/09/2012
142073;25/09/2019
216210;03/03/2026
124728;24/07/2019
202524;15/06/2021
51957;14/11/2016
205868;29/11/2022
159610;29/11/2019
62237;08/05/2017
57045;17/01/2017
96486;06/08/2018
202739;22/06/2021
206038;11/01/2023
64325;08/06/2017
51277;18/11/2014
204411;04/03/2022
214237;03/09/2025
204415;04/03/2022
205905;08/12/2022
183356;16/04/2020
70741;29/11/2017
205451;06/09/2022
50301;29/09/2010
50286;28/09/2010
204095;10/01/2022
216022;11/02/2026
217130;18/05/2026
50185;16/09/2010
50186;16/09/2010
57064;01/02/2017
92380;25/06/2018
168999;12/02/2020
201023;11/01/2021
50992;18/02/2013
206564;20/04/2023
216202;09/03/2026
51324;07/04/2015
215642;26/01/2026
206868;05/06/2023
200995;05/01/2021
214473;18/09/2025
214991;03/11/2025
66440;31/07/2017
51722;20/06/2016
212180;12/03/2025
214686;07/10/2025
67542;19/09/2017
206435;29/03/2023
80039;07/03/2018
209324;15/05/2024
67578;27/09/2017
51766;17/08/2016
50103;08/09/2010
62197;26/04/2017
203225;13/08/2021
204150;24/01/2022
203808;11/11/2021
214753;23/10/2025
210359;03/09/2024
50411;04/01/2011
213509;27/06/2025
50980;04/02/2013
203044;21/07/2021
51710;07/06/2016
50654;16/11/2011
132845;08/08/2019
168975;06/02/2020
212673;16/04/2025
204988;29/06/2022
51864;26/09/2016
212631;10/04/2025
216920;30/04/2026
65337;14/06/2017
72775;12/12/2017
50790;17/07/2012
207490;16/08/2023
115427;22/04/2019
208506;29/01/2024
214095;25/08/2025
208442;19/01/2024
72760;07/12/2017
214202;03/09/2025
203344;30/08/2021
50478;04/04/2011
50360;08/10/2010
205697;17/10/2022
213441;23/06/2025
209752;01/07/2024
70704;14/11/2017
203692;25/10/2021
216204;03/03/2026
216904;15/05/2026
50187;16/09/2010
209821;10/07/2024
206431;30/03/2023
51850;20/09/2016
213314;10/06/2025
210287;28/08/2024
202819;26/06/2021
210213;21/08/2024
203285;20/08/2021
202155;04/02/2021
211662;27/01/2025
66391;12/07/2017
177211;16/03/2020
195789;06/07/2020
213040;14/05/2025
50637;20/09/2011
50763;30/05/2012
67554;22/09/2017
206305;08/03/2023
50559;28/06/2011
200887;07/12/2020
204783;18/05/2022
217765;15/07/2026
202450;05/04/2021
51784;31/08/2016
121544;30/05/2019
200148;27/08/2020
205175;22/07/2022
92387;27/06/2018
205965;23/12/2022
204550;30/03/2022
213359;13/06/2025
211744;10/02/2025
88289;15/05/2018
201042;13/01/2021
103763;01/11/2018
50958;14/01/2013
205726;20/10/2022
114289;04/04/2019
202767;26/06/2021
208415;17/01/2024
213610;25/07/2025
207107;30/06/2023
215863;03/02/2026
160661;05/12/2019
210681;25/09/2024
50484;12/04/2011
214864;30/10/2025
213574;07/08/2025
213350;12/06/2025
196822;09/07/2020
62226;03/05/2017
202356;15/03/2021
214724;10/10/2025
213612;11/07/2025
211707;03/02/2025
206092;19/01/2023
216918;29/04/2026
61114;13/03/2017
213279;06/06/2025
50031;16/08/2010
215376;22/12/2025
50747;16/05/2012
204704;02/05/2022
196939;30/07/2020
67590;29/09/2017
61098;22/02/2017
70745;30/11/2017
196975;07/08/2020
212335;24/03/2025
50420;24/01/2011
207273;19/07/2023
148190;11/10/2019
202300;01/03/2021
208102;22/11/2023
114331;09/04/2019
217243;05/06/2026
202722;22/06/2021
203787;16/11/2021
203557;30/09/2021
196814;08/07/2020
200434;01/10/2020
209207;03/05/2024
202849;01/07/2021
216096;20/02/2026
209043;18/04/2024
202254;22/02/2021
70730;27/11/2017
93407;10/07/2018
51896;17/10/2016
71746;01/12/2017
101719;17/10/2018
204172;20/01/2022
210257;29/08/2024
200472;07/10/2020
89308;24/05/2018
51270;12/11/2014
212925;06/05/2025
107986;11/02/2019
204713;03/05/2022
76923;30/01/2018
182320;08/04/2020
50780;22/06/2012
212177;12/03/2025
50206;17/09/2010
50246;22/09/2010
184432;04/05/2020
169011;14/02/2020
50953;14/01/2013
50435;15/02/2011
207797;29/09/2023
50533;06/06/2011
209665;24/06/2024
215668;02/02/2026
203887;24/11/2021
78982;16/02/2018
211548;17/01/2025
211328;19/12/2024
211029;07/11/2024
213853;11/08/2025
216960;04/05/2026
185438;06/05/2020
206886;07/06/2023
202672;08/06/2021
215123;03/12/2025
212734;16/04/2025
64319;07/06/2017
50291;28/09/2010
66480;22/08/2017
214438;16/09/2025
50970;28/01/2013
157511;19/11/2019
200552;16/10/2020
211860;10/02/2025
215489;12/01/2026
82109;04/04/2018
210153;13/08/2024
214482;23/09/2025
62155;27/03/2017
200196;02/09/2020
82078;21/03/2018
83191;24/04/2018
101717;17/10/2018
90333;06/06/2018
193684;17/06/2020
63311;01/06/2017
96518;16/08/2018
211197;27/11/2024
213893;27/08/2025
212713;16/04/2025
122627;01/07/2019
100594;13/09/2018
76929;31/01/2018
210833;10/10/2024
207882;17/10/2023
213041;15/05/2025
215442;30/12/2025
148232;18/10/2019
216706;08/04/2026
205590;23/09/2022
51428;07/12/2015
173148;03/03/2020
205881;02/12/2022
205098;14/07/2022
215516;19/01/2026
217541;01/07/2026
191610;04/06/2020
209185;02/05/2024
111091;12/03/2019
209292;10/05/2024
204929;13/06/2022
202595;19/05/2021
216089;18/02/2026
183416;27/04/2020
61082;16/02/2017
209246;07/05/2024
211629;24/01/2025
214797;29/10/2025
51462;12/02/2016
215295;05/12/2025
100651;03/10/2018
203562;01/10/2021
209568;10/06/2024
217440;15/06/2026
206257;27/02/2023
216958;04/05/2026
209133;29/04/2024
156483;14/11/2019
212868;30/04/2025
217090;14/05/2026
139022;09/09/2019
203407;13/09/2021
160679;09/12/2019
200632;23/10/2020
216800;15/05/2026
159612;29/11/2019
89299;21/05/2018
203500;23/09/2021
214673;02/10/2025
212882;05/05/2025
200596;05/11/2020
204505;23/03/2022
202835;28/06/2021
212086;26/02/2025
215229;03/12/2025
113146;22/03/2019
210809;08/10/2024
210590;18/09/2024
208555;02/02/2024
203253;17/08/2021
202708;18/06/2021
211020;06/11/2024
215701;28/01/2026
209617;18/06/2024
205292;05/08/2022
204165;19/01/2022
50626;09/09/2011
145107;03/10/2019
194742;29/06/2020
204811;23/05/2022
207528;28/08/2023
204676;26/04/2022
51886;10/10/2016
213891;07/08/2025
208273;29/12/2023
206918;13/06/2023
51321;02/04/2015
206392;21/03/2023
209004;11/04/2024
212849;29/04/2025
215397;18/12/2025
50849;12/09/2012
203699;25/10/2021
88271;11/05/2018
207758;26/09/2023
210815;09/10/2024
217419;15/06/2026
208111;30/11/2023
50909;24/10/2012
167964;05/02/2020
202753;26/06/2021
205944;15/12/2022
203192;10/08/2021
114318;05/04/2019
217267;28/05/2026
213671;17/07/2025
210187;19/08/2024
157533;25/11/2019
211557;17/01/2025
204390;24/02/2022
203584;06/10/2021
200099;24/08/2020
167957;04/02/2020
202720;21/06/2021
126766;30/07/2019
51200;03/07/2014
96502;10/08/2018
202352;08/03/2021
208686;22/02/2024
167954;03/02/2020
211804;06/02/2025
50627;14/09/2011
214773;10/10/2025
206187;09/02/2023
66487;24/08/2017
209870;22/07/2024
205111;14/07/2022
207336;28/07/2023
202999;16/07/2021
204873;03/06/2022
203927;01/12/2021
215026;09/12/2025
213691;24/07/2025
75852;15/01/2018
204901;08/06/2022
205589;23/09/2022
100598;13/09/2018
208386;16/01/2024
99580;10/09/2018
217013;06/05/2026
213724;22/07/2025
92349;13/06/2018
147163;10/10/2019
203729;29/10/2021
215510;09/01/2026
202525;20/04/2021
215945;05/02/2026
183382;22/04/2020
210790;07/10/2024
217297;16/06/2026
213554;15/07/2025
214274;04/09/2025
208131;29/11/2023
212428;27/03/2025
211807;05/02/2025
193696;18/06/2020
203695;25/10/2021
215299;09/12/2025
176190;13/03/2020
65355;22/06/2017
208696;23/02/2024
212848;29/04/2025
208841;13/03/2024
215717;23/01/2026
208335;10/01/2024
207728;21/09/2023
202725;22/06/2021
203899;26/11/2021
208525;30/01/2024
213327;11/06/2025
64322;07/06/2017
70668;27/10/2017
207476;14/08/2023
207740;22/09/2023
207170;07/07/2023
213064;16/05/2025
215838;20/02/2026
201072;19/01/2021
212371;26/03/2025
206027;11/01/2023
207905;18/10/2023
120528;28/05/2019
216740;09/04/2026
207261;18/07/2023
200157;27/08/2020
107971;06/02/2019
168993;12/02/2020
202263;24/02/2021
207855;09/10/2023
205331;11/08/2022
67565;26/09/2017
207545;24/08/2023
210336;02/09/2024
212403;27/03/2025
204596;07/04/2022
209305;13/05/2024
210695;26/09/2024
206016;10/01/2023
200442;02/10/2020
203231;16/08/2021
202201;18/02/2021
76886;19/01/2018
213299;09/06/2025
206261;28/02/2023
206164;06/02/2023
205442;01/09/2022
205795;07/11/2022
204410;04/03/2022
52995;25/11/2016
82098;02/04/2018
217111;13/05/2026
206858;05/06/2023
209619;18/06/2024
115432;24/04/2019
216975;11/05/2026
211358;03/01/2025
94455;23/07/2018
212212;13/03/2025
205244;29/07/2022
200851;30/11/2020
205970;10/01/2023
52997;25/11/2016
208977;09/04/2024
213616;10/07/2025
217344;08/06/2026
63314;02/06/2017
215250;04/12/2025
210763;02/10/2024
200693;04/11/2020
204423;07/03/2022
182322;08/04/2020
96510;14/08/2018
76956;07/02/2018
212062;25/02/2025
211045;08/11/2024
208358;15/01/2024
208608;07/02/2024
203068;26/07/2021
160687;10/12/2019
208341;11/01/2024
202913;07/07/2021
211775;04/02/2025
203353;31/08/2021
211227;29/11/2024
200095;21/08/2020
51840;15/09/2016
211416;09/01/2025
51251;28/10/2014
204516;23/03/2022
213716;30/07/2025
210737;30/09/2024
115426;23/04/2019
131833;07/08/2019
64336;12/06/2017
202871;04/07/2021
213334;12/06/2025
207934;24/10/2023
207707;21/09/2023
209681;25/06/2024
213244;02/06/2025
212166;11/03/2025
74813;04/01/2018
211011;05/11/2024
70731;27/11/2017
209419;22/05/2024
51098;09/09/2013
208722;28/02/2024
142059;20/09/2019
208142;29/11/2023
209079;22/04/2024
72781;12/12/2017
51403;09/10/2015
216137;23/02/2026
200356;25/09/2020
106883;11/01/2019
200976;28/12/2020
208958;04/04/2024
202504;14/04/2021
121557;06/06/2019
206283;03/03/2023
86228;07/05/2018
146133;08/10/2019
215401;29/12/2025
202874;08/07/2021
114272;01/04/2019
215023;06/11/2025
106874;09/01/2019
185484;13/05/2020
205885;05/12/2022
171034;17/02/2020
140054;18/09/2019
213289;09/06/2025
202322;03/03/2021
50993;18/02/2013
216838;23/04/2026
208744;28/02/2024
208342;11/01/2024
202587;17/05/2021
98567;31/08/2018
82090;28/03/2018
201065;18/01/2021
207080;28/06/2023
203194;10/08/2021
183359;17/04/2020
208458;23/01/2024
95481;03/08/2018
213328;11/06/2025
214807;14/10/2025
206422;27/03/2023
212323;24/03/2025
206669;09/05/2023
210864;15/10/2024
202571;11/05/2021
66396;13/07/2017
202831;26/06/2021
216502;23/03/2026
213025;13/05/2025
63293;30/05/2017
112098;15/03/2019
204191;26/01/2022
50213;17/09/2010
74815;05/01/2018
173133;02/03/2020
114279;05/04/2019
115440;26/04/2019
51892;11/10/2016
204208;26/01/2022
200893;07/12/2020
205378;22/08/2022
51459;11/02/2016
115441;30/04/2019
148188;11/10/2019
203559;30/09/2021
50270;27/09/2010
50087;02/09/2010
201033;12/01/2021
119511;21/05/2019
210306;29/08/2024
50336;30/09/2010
61142;23/03/2017
210091;06/08/2024
50715;17/04/2012
188516;19/05/2020
50337;30/09/2010
203758;04/11/2021
66414;19/07/2017
95470;27/07/2018
50169;15/09/2010
202513;16/04/2021
200673;30/10/2020
204029;03/01/2022
209199;02/05/2024
204460;11/03/2022
96514;15/08/2018
209006;11/04/2024
217028;11/05/2026
70695;07/11/2017
207788;28/09/2023
50640;26/09/2011
217109;13/05/2026
203694;25/10/2021
59083;13/02/2017
217418;11/06/2026
212496;02/04/2025
217486;03/07/2026
212108;28/02/2025
212830;28/04/2025
114189;25/03/2019
72782;13/12/2017
211297;12/12/2024
212675;14/04/2025
172070;21/02/2020
217565;26/06/2026
200809;24/11/2020
100622;19/09/2018
216861;23/04/2026
205613;29/09/2022
61111;09/03/2017
212690;14/04/2025
203747;03/11/2021
210991;01/11/2024
207688;19/09/2023
211541;16/01/2025
51419;26/10/2015
207551;29/08/2023
51078;15/08/2013
50105;08/09/2010
200162;27/08/2020
217083;14/05/2026
210918;21/10/2024
202692;14/06/2021
195772;01/07/2020
213875;07/08/2025
149273;24/10/2019
214638;30/09/2025
217466;17/06/2026
202968;14/07/2021
51763;12/08/2016
51938;01/11/2016
211969;19/02/2025
202618;25/05/2021
207712;21/09/2023
215334;10/12/2025
113157;23/03/2019
208084;22/11/2023
207840;04/10/2023
209141;25/04/2024
204737;09/05/2022
208196;11/12/2023
70721;22/11/2017
216901;28/04/2026
216843;20/04/2026
186510;18/05/2020
204790;18/05/2022
190589;02/06/2020
208071;17/11/2023
208929;01/04/2024
203136;30/07/2021
205825;18/11/2022
214431;18/09/2025
204302;14/02/2022
216061;13/02/2026
206055;13/01/2023
211049;08/11/2024
212900;05/05/2025
203563;01/10/2021
217020;18/05/2026
216448;16/03/2026
215804;04/02/2026
202178;08/02/2021
84201;26/04/2018
209234;08/05/2024
63262;18/05/2017
169009;13/02/2020
169010;13/02/2020
215260;04/12/2025
212561;07/04/2025
210534;13/09/2024
212920;06/05/2025
204854;31/05/2022
215502;08/01/2026
202519;19/04/2021
206592;27/04/2023
212092;26/02/2025
203101;04/08/2021
156477;13/11/2019
211287;10/12/2024
215992;06/02/2026
214219;02/09/2025
206130;31/01/2023
200417;30/09/2020
202472;08/04/2021
50729;26/04/2012
51019;27/03/2013
214002;15/08/2025
51102;21/10/2013
216560;07/04/2026
51730;29/06/2016
202989;16/07/2021
210718;30/09/2024
206448;31/03/2023
214198;02/09/2025
215099;03/12/2025
203401;13/09/2021
209685;25/06/2024
208527;30/01/2024
216730;09/04/2026
207388;03/08/2023
208810;11/03/2024
202867;02/07/2021
213111;21/05/2025
214233;18/09/2025
207510;18/08/2023
204888;07/06/2022
205787;04/11/2022
212983;12/05/2025
202617;24/05/2021
211812;06/02/2025
217356;12/06/2026
213461;25/06/2025
209620;18/06/2024
211365;07/01/2025
210197;19/08/2024
207844;05/10/2023
215318;14/01/2026
204227;31/01/2022
208643;16/02/2024
215204;02/12/2025
132843;08/08/2019
216639;08/04/2026
162756;06/01/2020
204971;24/06/2022
204566;04/04/2022
167937;31/01/2020
206089;19/01/2023
216196;27/02/2026
217271;01/06/2026
60076;14/02/2017
66386;11/07/2017
206962;16/06/2023
209084;22/04/2024
215635;19/01/2026
209303;13/05/2024
102721;19/10/2018
121552;05/06/2019
205160;19/07/2022
113145;22/03/2019
207383;03/08/2023
203634;18/10/2021
213662;25/07/2025
123638;02/07/2019
205305;08/08/2022
212929;07/05/2025
210765;02/10/2024
205835;22/11/2022
202578;12/05/2021
212372;26/03/2025
61135;20/03/2017
75860;17/01/2018
213705;18/07/2025
213829;19/08/2025
214055;20/08/2025
207067;29/06/2023
206768;23/05/2023
51182;03/04/2014
208266;27/12/2023
124694;15/07/2019
202719;21/06/2021
205396;24/08/2022
188536;22/05/2020
79012;26/02/2018
210749;01/10/2024
210434;05/09/2024
51732;30/06/2016
213644;16/07/2025
92369;22/06/2018
208542;31/01/2024
217107;13/05/2026
51128;06/01/2014
204371;21/02/2022
200451;05/10/2020
210313;30/08/2024
205976;28/12/2022
200306;17/09/2020
202877;04/07/2021
209601;13/06/2024
211459;13/01/2025
204677;26/04/2022
210876;16/10/2024
210249;26/08/2024
212617;09/04/2025
72750;05/12/2017
205781;03/11/2022
204828;30/05/2022
209266;09/05/2024
211965;19/02/2025
207783;28/09/2023
212046;21/02/2025
216245;03/03/2026
209809;15/07/2024
200447;05/10/2020
82100;02/04/2018
203137;30/07/2021
211887;12/02/2025
203996;15/12/2021
208402;17/01/2024
217309;03/06/2026
207093;30/06/2023
207083;30/06/2023
188528;21/05/2020
100623;20/09/2018
203536;29/09/2021
51736;06/07/2016
213262;04/06/2025
76952;05/02/2018
95473;30/07/2018
216755;13/04/2026
200674;30/10/2020
214959;30/10/2025
213518;30/06/2025
215254;04/12/2025
51971;18/11/2016
66504;31/08/2017
215236;28/11/2025
63306;01/06/2017
159606;28/11/2019
51410;19/10/2015
213659;01/08/2025
76909;26/01/2018
216925;28/04/2026
212014;20/02/2025
215882;04/02/2026
153439;06/11/2019
215001;05/11/2025
202915;07/07/2021
204079;06/01/2022
200767;17/11/2020
92392;28/06/2018
209819;10/07/2024
96503;10/08/2018
79020;28/02/2018
150298;28/10/2019
216294;05/03/2026
202255;22/02/2021
215428;22/12/2025
202233;05/03/2021
212492;02/04/2025
216400;20/03/2026
84196;25/04/2018
93446;17/07/2018
211776;05/02/2025
50897;18/10/2012
202256;22/02/2021
162812;15/01/2020
51103;23/10/2013
92377;26/06/2018
179258;19/03/2020
217677;10/07/2026
140051;17/09/2019
51837;15/09/2016
179250;19/03/2020
139020;10/09/2019
211785;04/02/2025
203796;11/11/2021
76942;02/02/2018
50261;27/09/2010
89314;28/05/2018
204360;16/02/2022
200539;22/10/2020
86223;07/05/2018
51336;22/04/2015
217652;03/07/2026
216228;02/03/2026
66447;03/08/2017
202919;08/07/2021
120521;24/05/2019
204614;12/04/2022
203851;24/11/2021
50493;26/04/2011
196849;13/07/2020
210060;07/08/2024
82082;27/03/2018
70715;17/11/2017
216398;17/03/2026
51871;28/09/2016
215836;02/02/2026
207224;13/07/2023
68643;18/10/2017
148197;14/10/2019
162789;13/01/2020
66475;18/08/2017
180272;23/03/2020
202628;28/05/2021
51792;01/09/2016
210200;19/08/2024
204997;30/06/2022
217035;11/05/2026
207087;29/06/2023
81059;19/03/2018
81061;19/03/2018
207125;05/07/2023
149289;24/10/2019
202257;22/02/2021
50276;28/09/2010
202258;22/02/2021
205942;15/12/2022
208303;08/01/2024
51820;09/09/2016
210514;11/09/2024
191617;04/06/2020
204166;19/01/2022
202381;19/03/2021
210636;20/09/2024
206713;15/05/2023
216380;12/03/2026
202116;27/01/2021
110034;22/02/2019
214107;25/08/2025
201035;13/01/2021
202182;08/02/2021
216820;16/04/2026
205612;28/09/2022
203553;05/10/2021
215571;12/01/2026
208361;12/01/2024
209444;27/05/2024
206948;16/06/2023
200097;21/08/2020
51960;16/11/2016
211885;11/02/2025
216126;20/02/2026
207876;11/10/2023
93447;17/07/2018
213782;28/07/2025
212071;25/02/2025
208421;18/01/2024
196951;03/08/2020
202823;28/06/2021
213310;11/06/2025
173156;09/03/2020
208955;04/04/2024
208116;27/11/2023
212729;16/04/2025
51675;25/05/2016
213154;23/05/2025
200800;20/11/2020
106896;15/01/2019
206175;08/02/2023
50879;28/09/2012
107993;11/02/2019
67629;16/10/2017
100654;03/10/2018
204584;04/04/2022
50565;28/06/2011
210202;20/08/2024
50247;22/09/2010
61127;20/03/2017
205974;30/12/2022
205238;28/07/2022
203306;25/08/2021
50029;16/08/2010
50039;17/08/2010
204140;18/01/2022
51145;05/02/2014
208516;29/01/2024
207900;18/10/2023
53993;28/11/2016
202296;01/03/2021
70723;22/11/2017
206384;21/03/2023
50205;17/09/2010
205347;15/08/2022
202685;10/06/2021
203894;25/11/2021
211244;03/12/2024
207910;19/10/2023
211179;10/12/2024
202581;14/05/2021
50612;17/08/2011
213846;14/08/2025
202589;18/05/2021
202548;29/04/2021
208395;18/01/2024
213292;09/06/2025
212356;25/03/2025
67568;26/09/2017
67577;27/09/2017
207601;01/09/2023
131825;06/08/2019
215488;09/01/2026
213152;23/05/2025
70656;26/10/2017
207032;23/06/2023
50216;20/09/2010
75844;12/01/2018
63288;29/05/2017
200107;25/08/2020
51248;27/10/2014
51676;25/05/2016
215621;19/01/2026
210158;14/08/2024
211831;10/02/2025
200073;19/08/2020
51972;18/11/2016
216389;12/03/2026
199031;19/08/2020
51862;23/09/2016
213513;27/06/2025
50624;06/09/2011
161739;30/12/2019
51677;25/05/2016
51987;23/11/2016
50688;15/02/2012
208495;26/01/2024
50644;13/10/2011
202279;10/03/2021
72786;14/12/2017
51818;09/09/2016
208474;23/01/2024
212208;13/03/2025
209904;15/07/2024
213828;04/08/2025
209075;19/04/2024
204142;14/01/2022
103761;31/10/2018
203898;25/11/2021
50567;04/07/2011
207810;02/10/2023
209297;13/05/2024
168982;10/02/2020
209602;13/06/2024
207950;26/10/2023
206120;27/01/2023
205045;05/07/2022
202829;26/06/2021
209775;03/07/2024
61141;22/03/2017
70676;30/10/2017
67550;22/09/2017
139032;10/09/2019
50841;05/09/2012
51914;25/10/2016
50334;30/09/2010
137944;29/08/2019
212948;07/05/2025
50787;02/07/2012
51217;31/07/2014
205987;04/01/2023
211159;21/11/2024
214236;03/09/2025
206810;26/05/2023
162791;14/01/2020
207524;21/08/2023
207843;05/10/2023
216186;26/02/2026
211460;13/01/2025
206214;15/02/2023
204490;17/03/2022
50106;08/09/2010
209358;20/05/2024
215578;20/01/2026
209564;11/06/2024
209931;17/07/2024
203077;27/07/2021
211393;08/01/2025
203480;22/09/2021
76892;22/01/2018
72772;12/12/2017
206586;27/04/2023
61076;14/02/2017
50784;27/06/2012
50692;23/02/2012
205981;03/01/2023
214125;26/08/2025
204502;21/03/2022
214800;23/10/2025
204383;23/02/2022
50530;02/06/2011
206475;06/04/2023
113136;22/03/2019
209625;18/06/2024
82115;05/04/2018
209521;03/06/2024
209331;15/05/2024
207632;13/09/2023
87233;09/05/2018
212677;14/04/2025
61139;22/03/2017
203239;17/08/2021
50621;31/08/2011
214365;11/09/2025
217342;12/06/2026
202176;08/02/2021
202795;26/06/2021
217299;03/06/2026
204288;08/02/2022
78988;20/02/2018
205936;13/12/2022
211545;17/01/2025
211267;09/12/2024
82178;18/04/2018
207569;30/08/2023
75853;15/01/2018
51092;30/08/2013
148206;15/10/2019
63266;18/05/2017
217401;16/06/2026
206072;17/01/2023
75866;17/01/2018
200896;07/12/2020
215975;18/02/2026
51351;17/06/2015
207485;15/08/2023
202927;08/07/2021
50989;14/02/2013
51239;07/10/2014
208088;22/11/2023
203884;24/11/2021
206160;03/02/2023
216059;05/03/2026
109012;18/02/2019
210332;02/09/2024
74794;20/12/2017
205269;03/08/2022
208888;21/03/2024
50256;24/09/2010
208856;14/03/2024
67572;27/09/2017
212074;25/02/2025
52988;23/11/2016
50077;01/09/2010
133909;22/08/2019
110036;22/02/2019
51122;27/11/2013
51879;30/09/2016
212433;28/03/2025
211376;07/01/2025
70663;27/10/2017
209320;14/05/2024
203888;25/11/2021
212787;23/04/2025
209922;16/07/2024
207181;10/07/2023
66483;23/08/2017
201058;15/01/2021
97539;21/08/2018
211433;10/01/2025
200836;26/11/2020
66382;06/07/2017
210780;03/10/2024
203934;02/12/2021
138991;04/09/2019
51806;06/09/2016
200495;09/10/2020
50720;17/04/2012
67560;25/09/2017
51347;01/06/2015
210842;11/10/2024
89309;24/05/2018
51808;06/09/2016
205837;23/11/2022
50168;15/09/2010
164863;20/01/2020
183379;22/04/2020
207117;03/07/2023
70705;14/11/2017
202772;23/06/2021
215059;03/12/2025
212173;12/03/2025
209552;06/06/2024
208491;24/01/2024
165901;28/01/2020
51976;18/11/2016
211457;13/01/2025
157500;18/11/2019
50704;28/03/2012
215801;20/02/2026
207202;12/07/2023
206476;06/04/2023
183417;29/04/2020
214596;29/09/2025
208711;26/02/2024
209435;24/05/2024
200825;25/11/2020
203502;23/09/2021
214309;09/09/2025
204711;03/05/2022
50257;27/09/2010
207462;11/08/2023
216644;07/04/2026
211253;05/12/2024
61103;03/03/2017
210920;22/10/2024
50568;04/07/2011
207969;01/11/2023
215924;13/02/2026
51691;02/06/2016
63312;02/06/2017
203810;16/11/2021
209312;13/05/2024
50876;24/09/2012
209351;17/05/2024
214272;09/09/2025
205841;29/11/2022
210709;27/09/2024
215531;12/01/2026
215508;09/01/2026
209050;18/04/2024
206691;11/05/2023
214996;06/11/2025
159620;02/12/2019
212752;17/04/2025
210330;02/09/2024
70720;22/11/2017
185449;13/11/2020
216655;30/04/2026
217341;05/06/2026
205493;09/09/2022
213942;13/08/2025
123658;04/07/2019
208529;30/01/2024
208405;17/01/2024
212439;28/03/2025
217287;01/06/2026
124717;22/07/2019
210835;10/10/2024
214218;02/09/2025
210479;05/09/2024
209298;13/05/2024
210326;02/09/2024
203768;05/11/2021
51681;30/05/2016
50481;07/04/2011
216287;05/03/2026
51735;05/07/2016
210992;01/11/2024
217427;15/06/2026
205398;24/08/2022
51007;04/03/2013
211173;22/11/2024
114239;26/03/2019
211893;12/02/2025
209833;15/07/2024
204466;11/03/2022
204804;20/05/2022
202684;10/06/2021
214151;28/08/2025
206171;07/02/2023
210717;30/09/2024
116465;12/06/2019
209970;23/07/2024
50552;14/06/2011
207564;29/08/2023
209198;03/05/2024
215872;30/01/2026
205983;04/01/2023
211023;06/11/2024
212810;28/04/2025
216815;16/04/2026
213002;13/05/2025
122616;27/06/2019
211189;29/11/2024
217412;03/07/2026
202546;29/04/2021
50258;27/09/2010
206328;09/03/2023
214844;30/10/2025
204914;09/06/2022
208075;21/11/2023
82138;10/04/2018
212865;30/04/2025
211229;02/12/2024
205260;02/08/2022
202550;30/04/2021
63259;17/05/2017
207369;02/08/2023
203459;23/09/2021
161702;13/12/2019
50964;18/01/2013
67541;18/09/2017
50033;16/08/2010
51257;10/11/2014
209451;27/05/2024
51683;30/05/2016
50774;06/06/2012
212245;14/03/2025
51088;23/08/2013
203702;26/10/2021
190552;27/05/2020
67605;05/10/2017
216169;02/03/2026
193709;24/06/2020
196938;30/07/2020
204866;02/06/2022
133884;15/08/2019
205824;21/11/2022
208809;12/03/2024
209465;29/05/2024
209955;23/07/2024
202908;07/07/2021
213946;20/08/2025
207167;07/07/2023
206583;26/04/2023
207274;20/07/2023
208606;07/02/2024
51985;22/11/2016
214784;13/10/2025
205855;25/11/2022
148263;22/10/2019
50467;23/03/2011
109008;15/02/2019
209108;24/04/2024
208175;06/12/2023
211752;03/02/2025
214696;07/10/2025
115446;02/05/2019
208750;29/02/2024
213583;03/07/2025
212932;07/05/2025
209064;19/04/2024
202997;16/07/2021
216534;08/04/2026
50332;30/09/2010
50850;12/09/2012
217354;10/06/2026
208429;18/01/2024
161737;30/12/2019
206759;19/05/2023
62156;28/03/2017
51252;29/10/2014
51260;10/11/2014
50902;22/10/2012
214698;10/10/2025
206460;12/04/2023
206184;09/02/2023
200543;15/10/2020
50260;27/09/2010
123649;04/07/2019
193698;22/06/2020
211788;04/02/2025
200932;18/01/2021
216378;08/04/2026
217497;19/06/2026
214568;01/10/2025
187515;19/05/2020
216834;22/04/2026
50892;17/10/2012
75838;11/01/2018
211663;28/01/2025
216049;13/02/2026
50791;19/07/2012
203040;21/07/2021
70677;31/10/2017
213358;13/06/2025
207147;05/07/2023
59076;13/02/2017
208451;22/01/2024
213466;25/06/2025
213026;14/05/2025
212870;30/04/2025
200474;08/10/2020
209015;12/04/2024
134911;23/08/2019
216512;25/03/2026
207561;29/08/2023
214081;26/08/2025
209165;29/04/2024
204170;20/01/2022
120522;27/05/2019
208625;09/02/2024
207467;14/08/2023
213316;11/06/2025
196835;13/07/2020
200657;27/10/2020
200598;21/10/2020
212784;22/04/2025
212080;26/02/2025
214502;19/09/2025
207179;10/07/2023
208647;21/02/2024
212452;31/03/2025
50561;28/06/2011
204996;30/06/2022
214951;27/10/2025
203598;13/10/2021
213224;30/05/2025
215746;27/01/2026
215352;17/12/2025
209097;24/04/2024
70703;14/11/2017
215868;02/02/2026
215672;27/01/2026
212456;31/03/2025
205221;26/07/2022
209527;06/06/2024
207038;22/06/2023
210984;31/10/2024
204863;02/06/2022
216457;02/04/2026
51665;24/05/2016
216976;11/05/2026
207322;27/07/2023
206769;22/05/2023
210759;02/10/2024
50259;27/09/2010
217229;28/05/2026
114352;11/04/2019
147179;11/10/2019
210242;26/08/2024
215153;21/11/2025
89313;28/05/2018
202113;27/01/2021
114348;11/04/2019
204013;17/12/2021
208543;01/02/2024
50551;14/06/2011
214026;01/09/2025
214298;05/09/2025
207409;07/08/2023
206194;10/02/2023
87253;09/05/2018
51684;31/05/2016
158591;27/11/2019
66481;22/08/2017
202538;22/04/2021
50555;20/06/2011
197978;07/08/2020
212162;13/03/2025
206087;19/01/2023
51333;13/04/2015
215294;05/12/2025
200998;06/01/2021
51948;07/11/2016
206179;08/02/2023
145093;04/10/2019
204880;06/06/2022
217491;03/07/2026
203152;02/08/2021
209745;02/07/2024
216845;22/04/2026
206529;17/04/2023
67553;22/09/2017
204436;09/03/2022
209569;10/06/2024
204497;23/03/2022
213076;19/05/2025
206074;17/01/2023
212926;06/05/2025
214000;18/08/2025
144076;27/09/2019
217116;18/05/2026
51685;31/05/2016
208508;31/01/2024
204376;21/02/2022
196887;22/07/2020
207478;15/08/2023
114287;03/04/2019
214717;15/10/2025
214093;25/08/2025
200807;20/11/2020
100633;27/09/2018
88272;11/05/2018
182293;31/03/2020
132867;12/08/2019
57060;30/01/2017
208098;22/11/2023
209137;25/04/2024
196807;08/07/2020
210120;08/08/2024
72771;12/12/2017
209556;07/06/2024
128795;01/08/2019
88281;14/05/2018
209485;31/05/2024
82145;12/04/2018
214037;02/09/2025
210361;04/09/2024
209316;17/05/2024
214618;30/09/2025
204659;18/04/2022
50682;06/02/2012
216000;13/02/2026
212155;10/03/2025
216099;23/02/2026
195777;02/07/2020
121542;30/05/2019
205316;09/08/2022
55012;09/12/2016
205101;13/07/2022
209972;23/07/2024
207501;18/08/2023
211412;08/01/2025
67615;06/10/2017
203411;13/09/2021
57055;23/01/2017
88261;11/05/2018
216103;20/02/2026
216846;22/04/2026
211915;17/02/2025
213679;29/07/2025
50401;10/12/2010
205418;30/08/2022
158559;26/11/2019
216813;16/04/2026
51471;22/02/2016
216154;24/02/2026
206333;10/03/2023
202380;19/03/2021
212418;31/03/2025
94463;25/07/2018
207359;01/08/2023
214660;02/10/2025
214211;03/09/2025
213810;01/08/2025
207672;15/09/2023
82189;23/04/2018
208245;22/12/2023
196870;16/07/2020
213618;05/08/2025
50877;24/09/2012
62232;05/05/2017
216734;12/05/2026
146134;08/10/2019
51738;08/07/2016
202137;02/02/2021
208390;17/01/2024
205249;02/08/2022
211897;12/02/2025
50669;28/12/2011
214721;10/10/2025
202690;15/06/2021
50748;16/05/2012
208242;22/12/2023
51686;31/05/2016
204883;06/06/2022
204305;10/02/2022
204493;18/03/2022
51133;29/01/2014
208706;26/02/2024
208169;13/12/2023
108003;13/02/2019
215383;19/12/2025
213981;14/08/2025
74806;03/01/2018
203036;21/07/2021
213233;30/05/2025
210584;17/09/2024
213950;12/08/2025
50501;28/04/2011
51206;08/07/2014
208986;09/04/2024
202746;26/06/2021
203761;04/11/2021
215208;03/12/2025
215491;06/01/2026
204506;23/03/2022
208620;08/02/2024
208636;15/02/2024
206458;04/04/2023
207769;26/09/2023
211963;18/02/2025
206538;17/04/2023
204007;16/12/2021
74833;09/01/2018
62233;05/05/2017
215898;20/02/2026
202996;16/07/2021
200691;13/01/2021
123661;04/07/2019
214188;03/09/2025
137974;03/09/2019
114243;29/03/2019
205033;05/07/2022
200944;17/12/2020
215895;30/01/2026
210195;19/08/2024
210739;03/10/2024
216129;23/02/2026
51414;21/10/2015
214421;17/09/2025
205967;28/12/2022
82079;21/03/2018
51179;31/03/2014
182325;09/04/2020
51039;14/05/2013
204164;18/01/2022
208453;22/01/2024
200324;21/09/2020
203437;16/09/2021
208782;05/03/2024
190558;27/05/2020
215217;15/12/2025
50014;12/08/2010
216165;25/02/2026
50576;12/07/2011
210102;06/08/2024
204542;29/03/2022
203523;28/09/2021
193705;23/06/2020
208027;09/11/2023
148245;21/10/2019
90334;06/06/2018
211316;18/12/2024
202445;25/05/2021
208837;14/03/2024
206240;23/02/2023
203228;18/08/2021
201026;12/01/2021
208123;27/11/2023
208580;07/02/2024
62151;24/03/2017
51807;06/09/2016
207264;19/07/2023
163835;16/01/2020
209271;10/05/2024
208338;10/01/2024
203161;02/08/2021
50390;26/11/2010
200744;12/11/2020
216397;17/03/2026
177239;17/03/2020
51699;07/06/2016
210750;01/10/2024
206288;06/03/2023
62241;10/05/2017
210696;26/09/2024
209584;13/06/2024
214606;30/09/2025
114191;25/03/2019
67597;03/10/2017
70657;26/10/2017
50721;18/04/2012
204306;11/02/2022
212114;06/03/2025
207166;07/07/2023
200374;28/09/2020
214651;01/10/2025
50333;30/09/2010
215899;30/01/2026
213469;25/06/2025
212840;29/04/2025
50188;16/09/2010
57040;11/01/2017
163813;15/01/2020
136934;28/08/2019
208653;19/02/2024
215600;04/02/2026
50094;02/09/2010
211749;03/02/2025
203287;24/08/2021
51860;22/09/2016
114295;05/04/2019
214801;15/10/2025
214821;15/10/2025
207903;18/10/2023
112114;19/03/2019
203058;23/07/2021
213887;07/08/2025
50067;31/08/2010
213060;16/05/2025
76960;07/02/2018
207570;30/08/2023
50905;24/10/2012
51276;13/11/2014
200053;19/08/2020
51687;31/05/2016
106848;14/12/2018
206172;08/02/2023
51341;22/05/2015
200163;27/08/2020
50853;18/09/2012
205450;02/09/2022
51213;16/07/2014
207303;25/07/2023
202870;04/07/2021
215062;14/11/2025
61097;22/02/2017
206342;13/03/2023
206610;03/05/2023
213736;23/07/2025
214209;03/09/2025
209299;13/05/2024
109015;19/02/2019
66365;29/06/2017
203276;18/08/2021
202312;02/03/2021
121556;05/06/2019
50426;03/02/2011
213685;17/07/2025
207208;12/07/2023
214126;26/08/2025
211890;12/02/2025
202298;01/03/2021
208922;28/03/2024
92389;27/06/2018
51124;28/11/2013
200797;20/11/2020
205288;08/08/2022
76943;02/02/2018
183385;22/04/2020
204833;02/06/2022
214149;28/08/2025
206289;06/03/2023
214556;29/09/2025
209926;16/07/2024
209091;23/04/2024
208159;04/12/2023
208819;19/03/2024
210557;17/09/2024
217006;08/05/2026
213204;04/06/2025
207944;26/10/2023
50885;01/10/2012
213268;05/06/2025
208676;22/02/2024
211106;18/11/2024
203977;09/12/2021
212345;25/03/2025
209814;10/07/2024
210675;24/09/2024
202134;01/02/2021
211924;14/02/2025
216914;29/04/2026
216454;16/03/2026
212377;27/03/2025
215857;30/01/2026
217179;19/05/2026
211813;10/02/2025
214769;10/10/2025
212346;25/03/2025
203100;30/07/2021
203749;03/11/2021
207682;18/09/2023
216707;08/04/2026
216894;30/04/2026
207192;10/07/2023
65336;13/06/2017
170021;14/02/2020
51499;13/04/2016
216003;23/02/2026
215811;27/01/2026
214377;11/09/2025
213835;04/08/2025
210193;19/08/2024
211573;20/01/2025
123651;03/07/2019
206201;13/02/2023
148248;21/10/2019
106885;12/01/2019
206626;03/05/2023
207371;02/08/2023
55021;14/12/2016
209832;15/07/2024
200531;14/10/2020
72769;11/12/2017
214110;25/08/2025
212938;07/05/2025
216627;30/03/2026
51761;11/08/2016
214161;28/08/2025
200712;09/11/2020
217396;10/06/2026
216710;08/04/2026
205700;17/10/2022
213426;24/06/2025
216265;10/03/2026
213878;21/08/2025
206313;08/03/2023
209380;21/05/2024
79036;05/03/2018
207284;21/07/2023
204583;04/04/2022
216790;14/04/2026
206597;28/04/2023
200075;20/08/2020
205212;25/07/2022
215598;14/01/2026
204269;08/02/2022
50969;28/01/2013
210344;03/09/2024
63292;29/05/2017
51883;10/10/2016
213773;22/08/2025
137972;30/08/2019
50335;30/09/2010
217286;29/05/2026
76878;19/01/2018
